URL link,Title,Date,Source,Source Link,description,keywords,og:description,twitter:description,article:section,article:summary,article text,@context,@type,url,logo,mainEntityOfPage,publisher,datePublished,headline,author,isAccessibleForFree,image,hasPart,dateModified,isPartOf,itemListElement,name,thumbnailUrl,duration,uploadDate,contentUrl,embedUrl,provider,@graph
https://news.google.com/rss/articles/CBMiZ2h0dHBzOi8vd3d3LmdvbGVtLmRlL25ld3Mva3VlbnN0bGljaGUtaW50ZWxsaWdlbnotZ29vZ2xlLXNvbGwtYW4ta2ktbGlmZWNvYWNoLWFyYmVpdGVuLTIzMDgtMTc2ODI5Lmh0bWzSAWtodHRwczovL3d3dy5nb2xlbS5kZS9uZXdzL2t1ZW5zdGxpY2hlLWludGVsbGlnZW56LWdvb2dsZS1zb2xsLWFuLWtpLWxpZmVjb2FjaC1hcmJlaXRlbi0yMzA4LTE3NjgyOS5hbXAuaHRtbA?oc=5,Künstliche Intelligenz: Google soll an KI-Lifecoach arbeiten - Golem.de - Golem.de,2023-08-17,Golem.de,https://www.golem.de,N/A,N/A,N/A,N/A,N/A,N/A,N/A,,,,,,,,,,,,,,,,,,,,,,,
https://news.google.com/rss/articles/CBMinwFodHRwczovL3d3dy5zcGllZ2VsLmRlL3dpcnRzY2hhZnQvdW50ZXJuZWhtZW4vd2llLWRpZS1idW5kZXNhZ2VudHVyLWZ1ZXItYXJiZWl0LW1pdC1raS1nZWdlbi1kaWUtdmVyd2FsdHVuZ3NmbHV0LWthZW1wZnQtYS02ZjliN2YzNy02MzAyLTRmY2QtYTU1Mi1lN2IwYmYxODA2MDXSAQA?oc=5,(S+) Digitalisierung einer Großbehörde: Wie die Bundesagentur für Arbeit mit KI gegen die Verwaltungsflut kämpft - DER SPIEGEL,2023-08-21,DER SPIEGEL,https://www.spiegel.de,"Revolution in der Trutzburg: Künstliche Intelligenz soll der Bundesagentur für Arbeit helfen, schneller und effizienter zu werden. Doch die Modernisierung ist ein Kraftakt – für die Bürokratie gelten eigene Regeln.",N/A,"Revolution in der Trutzburg: Künstliche Intelligenz soll der Bundesagentur für Arbeit helfen, schneller und effizienter zu werden. Doch die Modernisierung ist ein Kraftakt – für die Bürokratie gelten eigene Regeln.",N/A,N/A,N/A,"





Digitalisierung einer Großbehörde











Wie die Bundesagentur für Arbeit mit KI gegen die Verwaltungsflut kämpft



Revolution in der Trutzburg: Künstliche Intelligenz soll der Bundesagentur für Arbeit helfen, schneller und effizienter zu werden. Doch die Modernisierung ist ein Kraftakt – für die Bürokratie gelten eigene Regeln.


Von

Markus Dettmer

21.08.2023, 08.45 Uhr
•
aus

DER SPIEGEL 34/2023
















Zur Merkliste hinzufügen






















X.com






Facebook








E-Mail







Messenger







WhatsApp










Link kopieren







Weitere Optionen zum Teilen













E-Mail











Messenger











WhatsApp














Link kopieren






























Bild vergrößern



Zentrale der Bundesagentur für Arbeit in Nürnberg

Foto: Martin Schutt / dpa


































Sie können den Artikel leider nicht mehr aufrufen. Der Link, der Ihnen geschickt wurde, ist entweder älter als 30 Tage oder der Artikel wurde bereits 10 Mal geöffnet.













SPIEGEL plus


















Anmelden



Digital-Abo


Sagen, was ist.
Testen Sie das digitale Angebot und erfahren Sie, warum mehr als 400.000 Menschen den SPIEGEL abonnieren.








Kennenlernangebot - 4 Wochen für € 1,–









€ 2,99 pro Woche für 52 Wochen

€ 100,- sparen








Jetzt abonnieren










Ihre Bezahlmöglichkeiten:

Paypal






Sepa






Visa






Mastercard






ApplePay






GooglePay







Jederzeit kündigen.









Weiterlesen mit


SPIEGEL+





Mehr Perspektiven, mehr verstehen.

Freier Zugang zu allen Artikeln, Videos, Audioinhalten und Podcasts










Alle Artikel auf SPIEGEL.de frei zugänglich




DER SPIEGEL als E-Paper und in der App




Alle Artikel zum Anhören und exklusive Podcasts




Nur € 21,99 pro Monat, jederzeit kündbar









Jetzt kaufen





Sie haben bereits ein Digital-Abonnement?

Hier anmelden





iTunes-Abo wiederherstellen


SPIEGEL+ wird über Ihren iTunes-Account abgewickelt und mit Kaufbestätigung bezahlt. 24 Stunden vor Ablauf verlängert sich das Abo automatisch um
einen Monat zum Preis von zurzeit € 21,99. In den Einstellungen Ihres iTunes-Accounts können Sie das Abo jederzeit kündigen. Um SPIEGEL+ außerhalb
dieser App zu nutzen, müssen Sie das Abo direkt nach dem Kauf mit einem SPIEGEL-ID-Konto verknüpfen. Mit dem Kauf akzeptieren Sie unsere
Allgemeinen Geschäftsbedingungen und Datenschutzerklärung.















Feedback


",,,,,,,,,,,,,,,,,,,,,,,
https://news.google.com/rss/articles/CBMilwFodHRwczovL3d3dy5ob3Jpem9udC5hdC9tYXJrZXRpbmcvbmV3cy9rdWVuc3RsaWNoZS1pbnRlbGxpZ2Vuei1wci1ldGhpa3JhdC1sZWd0LWVyc3Rlbi1sZWl0ZmFkZW4tenVyLWFyYmVpdC1taXQtZ2VuZXJhdGl2ZXIta2ktaW4tb2VzdGVycmVpY2gtdm9yLTkyMjUw0gEA?oc=5,Künstliche Intelligenz: PR-Ethikrat legt ersten Leitfaden zur Arbeit mit generativer KI in Österreich vor - HORIZONT,2023-08-17,HORIZONT,https://www.horizont.at,"Leitfaden thematisiert Transparenz, Faktentreue, Umgang mit sensiblen Kund:innen-Daten und Bias-Awareness und gibt konkrete Handlungsanleitungen.",N/A,"Leitfaden thematisiert Transparenz, Faktentreue, Umgang mit sensiblen Kund:innen-Daten und Bias-Awareness und gibt konkrete Handlungsanleitungen.","Leitfaden thematisiert Transparenz, Faktentreue, Umgang mit sensiblen Kund:innen-Daten und Bias-Awareness und gibt konkrete Handlungsanleitungen.",N/A,N/A,"    Künstliche Intelligenz PR-Ethikrat legt ersten Leitfaden zur Arbeit mit generativer KI in Österreich vor    Von Horizont Redaktion   Donnerstag,  17. August 2023   ",http://schema.org/,NewsArticle,https://www.horizont.at/marketing/news/kuenstliche-intelligenz-pr-ethikrat-legt-ersten-leitfaden-zur-arbeit-mit-generativer-ki-in-oesterreich-vor-92250,https://www.horizont.at/img/logo.png,"{'@type': 'WebPage', '@id': 'https://www.horizont.at/marketing/news/kuenstliche-intelligenz-pr-ethikrat-legt-ersten-leitfaden-zur-arbeit-mit-generativer-ki-in-oesterreich-vor-92250'}","{'@type': 'Organization', 'name': 'HORIZONT', 'logo': {'@type': 'ImageObject', 'url': 'https://www.horizont.at/img/logo.png', 'width': '800', 'height': '60'}}",2023-08-17T06:00:00+02:00,Künstliche Intelligenz: PR-Ethikrat legt ersten Leitfaden zur Arbeit mit generativer KI in Österreich vor,"[{'@type': 'Person', 'name': 'Horizont Redaktion', 'url': 'https://www.horizont.atmailto:red_horizont@manstein.at'}]",False,"{'@type': 'ImageObject', 'url': 'https://www.horizont.at/news/media/10/Knstliche-Intelligenz-Roboter-99005-detail.jpeg', 'width': '1600', 'height': '350'}","[{'@type': 'WebPageElement', 'isAccessibleForFree': False, 'cssSelector': '.ArticleCopy'}]",,,,,,,,,,,
https://news.google.com/rss/articles/CBMicmh0dHBzOi8vcnAtb25saW5lLmRlL2xlYmVuL2JlcnVmL2thcnJpZXJlL2Z1dHVyb21hdC13aXJkLWloci1iZXJ1Zi1pbi16dWt1bmZ0LWdhZW56bGljaC1hdXRvbWF0aXNpZXJ0X2FpZC05NTkwOTA1NdIBAA?oc=5,Futuromat: Wird Ihr Beruf in Zukunft gänzlich automatisiert? - Rheinische Post,2023-08-18,Rheinische Post,https://rp-online.de,"Seit Chat-GPT ist Künstliche Intelligenz wieder absolutes Trend-Thema. Doch der Einzelhandel arbeitet
schon seit Jahren an Konzepten, die nur mit KI möglich sind. Die meisten großen Einzelhandelsketten
setzen derzeit Pilotprojekte um, auch in Deutschland. Was schon heute möglich ist, zeigen Aussteller auf
der Retail-Messe EuroShop in Düsseldorf","Futuromat, Roboter, klärt, Übernimmt, Job",Künstliche Intelligenz ist in den letzten Monaten bereits ein großes gesellschaftliches Thema und sie wird es in Zukunft vermutlich auch bleiben. Werden unzählige Jobs unter Umständen bald automatisiert? Der „Futuromat“ klärt auf.,Künstliche Intelligenz ist in den letzten Monaten bereits ein großes gesellschaftliches Thema und sie wird es in Zukunft vermutlich auch bleiben. Werden unzählige Jobs unter Umständen bald automatisiert? Der „Futuromat“ klärt auf.,N/A,N/A,"


„Futuromat“ klärt auf Übernimmt Künstliche Intelligenz bald Ihren Job?


Düsseldorf · Künstliche Intelligenz ist in den letzten Monaten bereits ein großes gesellschaftliches Thema und sie wird es in Zukunft vermutlich auch bleiben. Werden unzählige Jobs unter Umständen bald automatisiert? Der „Futuromat“ klärt auf.


18.08.2023
, 20:59 Uhr 
2 Minuten Lesezeit






























































































































Ersetzen bald Roboter uns Menschen in bestimmten Berufsfeldern?

Foto: obs/DUP UNTERNEHMER-Magazin 




















Montagmorgen, 08:00 Uhr, nichts ahnend betreten Sie Ihr Büro, die Werkstatt oder das Geschäft in dem Sie angestellt sind. Wie immer wollen Sie mit Ihrer Arbeit starten, doch stellen fest, dass Sie gar nicht mehr gebraucht werden. Eine künstliche Intelligenz, also ein Computer oder gar ein Roboter haben ihren Job übernommen. Sie werden ab sofort nicht mehr gebraucht. Bald schon Realität oder völliger Quatsch? Der „Job Futuromat“ zeigt, inwieweit Berufe in Zukunft automatisiert und Computer oder computergesteuerte Maschinen ersetzt werden können. 














Diese fünf KI-Tools sollten Sie kennen

Künstliche Intelligenz
Diese fünf KI-Tools sollten Sie kennen






 



Entwickelt wurde das Online-Tool vom Institut für Arbeitsmarkt- und Berufsforschung (IAB). Dabei richtet sich der Futuromat laut dem Bundesministerium für Familien, Senioren, Frauen und Jugend (BMFSFJ) an Schülerinnen und Schüler, Absolventinnen und Absolventen, Erwerbstätige und Arbeitssuchende. Das Tool soll Berufen nicht gänzlich ihre Zukunftschancen absprechen, sondern „frühzeitig ein Bewusstsein dafür schaffen, wie Technologien die berufstypischen Tätigkeiten verändern können und welche Fähigkeiten dadurch besonders gefragt sein könnten“, so das Bundesministerium. 














Kann ich meine Arbeitsmails von einer KI schreiben lassen?

Fragen aus dem Arbeitsrecht
Kann ich meine Arbeitsmails von einer KI schreiben lassen?






 










Und auch auf der Homepage des Futuromat steht geschrieben, dass Berufe eher selten gänzlich verschwinden, sie sich jedoch verändern. Wie stark diese Veränderung aussieht, kann man anschließend direkt auf der Internetseite herausfinden. Nur wenige Klicks sind dazu notwendig. In der Eingabemaske des Futuromat kann man gezielt nach seinem eigenen Beruf suchen, über das Anklicken verschiedener Berufsfelder einen bestimmten Beruf auswählen oder sich einen zufälligen Beruf anzeigen lassen. 














 




Nach nur wenigen Sekunden zeigt das Tool an, zu wie viel Prozent der Beruf zum heutigen Zeitpunkt automatisiert werden kann. Außerdem werden interessante Informationen, wie Anzahl der Beschäftigen, offene Stellen und durchschnittliches Entgelt, gleich mitgeliefert. Zusätzlich lassen sich konkrete Tätigkeiten innerhalb des Berufes gewichten, sodass der Grad der möglichen Automatisierung individuell berechnet werden kann. 



Drei Beispiele des Futuromat 



Berufsfeuerwehrmann/-frau: Einer der sieben Kerntätigkeiten ist - Stand heute - automatisierbar. Das entspricht einem Automatisierungsgrad von 14 Prozent. Unter anderem automatisierbar: Gerätekunde Brandschutztechnik. Unter anderem nicht automatisierbar: Brandschutz und BrandbekämpfungLandwirt/in: Vier der sieben Kerntätigkeiten sind - Stand heute - automatisierbar. Das entspricht einem Automatisierungsgrad von 57 Prozent. Unter anderem automatisierbar: Ackerbau und Erntearbeiten. Unter anderem nicht automatisierbar: Grünlandwirtschaft und PflanzenschutzBäcker/in: Alle fünf Kerntätigkeiten in diesem Beruf sind - Stand heute - automatisierbar. Das entspricht einem Automatisierungsgrad von 100 Prozent. Unter anderem automatisierbar: Teig herstellen und Backen 

















 


 






Der Job-Futuromat betont aber auch, dass trotz der Einschätzung nicht gesagt ist, dass der Beruf auch tatsächlich automatisiert. wird. Es gehe viel mehr darum, dass „sich Nutzende auf eventuelle strukturelle Veränderungen in dem Berufsfeld vorbereiten, zum Beispiel mit einer Weiterbildung“, so das BMFSFJ auf seiner Homepage. 


(glaw)
",http://schema.org,VideoObject,,,"{'@type': 'WebPage', '@id': 'https://rp-online.de/leben/beruf/karriere/futuromat-wird-ihr-beruf-in-zukunft-gaenzlich-automatisiert_aid-95909055'}","{'@type': 'Organization', 'name': 'RP ONLINE', 'logo': {'@type': 'ImageObject', 'url': 'https://rp-online.de/imgs/32/7/7/2/5/5/9/9/tok_7a6a257176c4b541a3f9ce25419cacaa/w255_h60_x1017_y559_RP_ONLINE_Platzhalter_Grafik_Teaserbild-37dd4505491d9517.png', 'width': '255', 'height': '60'}}",2023-08-18T20:59:00+02:00,Futuromat: Wird Ihr Beruf in Zukunft gänzlich automatisiert?,"{'@type': 'Person', 'name': 'Julian Glaw', 'url': 'https://rp-online.de/autor/julian-glaw-glaw/'}",True,"['https://rp-online.de/imgs/32/1/7/5/5/2/5/1/7/7/tok_89fa20464f602067a5cdebfdad274146/w1200_h1200_x960_y640_DPA_obsbd_dpa_5FAE08005F67923D-ec9102d7cf9ab97e.jpg', 'https://rp-online.de/imgs/32/1/7/5/5/2/5/1/7/7/tok_f09edf69719dbea4bc4891cc06b911b5/w1200_h900_x960_y640_DPA_obsbd_dpa_5FAE08005F67923D-ec9102d7cf9ab97e.jpg', 'https://rp-online.de/imgs/32/1/7/5/5/2/5/1/7/7/tok_84c1c508483c475325baef182649e552/w1200_h675_x960_y640_DPA_obsbd_dpa_5FAE08005F67923D-ec9102d7cf9ab97e.jpg']",,2023-08-18T21:00:11+02:00,"{'@type': ['CreativeWork', 'Product'], 'name': 'RP ONLINE Basic', 'productID': 'rp-online.de:digital_web'}","[{'@type': 'ListItem', 'position': 1, 'item': {'@id': '/', 'name': 'Startseite'}}, {'@type': 'ListItem', 'position': 2, 'item': {'@id': '/leben/', 'name': 'Leben'}}, {'@type': 'ListItem', 'position': 3, 'item': {'@id': '/leben/beruf/', 'name': 'Beruf'}}, {'@type': 'ListItem', 'position': 4, 'item': {'@id': '/leben/beruf/karriere/', 'name': 'Karriere'}}]",Supermarkt mit KI: So funktioniert das Einkaufen ohne Kasse ,https://i3thumbs.glomex.com/dC1jNDVpd2w5dzg2azkvMjAyNC8wNi8yNi8wNy81MF8zNF82NjdiYzg0YTlhYjcxLmpwZw==/profile:player-960x540,PT2M31S,2024-06-26T07:50:00.000Z,https://video-websearch-indexing.mes.glomex.cloud/2d781e/v-cqtcnzwceb0p-fa.mp4,https://player.glomex.com/integration/1/iframe-player.html?integrationId=eexbs16ktk4jzru&playlistId=v-cqtcnzwceb0p-fa,"{'@type': 'Organization', 'name': 'glomex GmbH', 'logo': {'@type': 'ImageObject', 'url': 'https://player.glomex.com/logo_v@2x.png', 'width': 136, 'height': 146}}",
https://news.google.com/rss/articles/CBMibGh0dHBzOi8vd3d3LmtpcmNoZS11bmQtbGViZW4uZGUvYXJ0aWtlbC9rdWVuc3RsaWNoZS1pbnRlbGxpZ2Vuei1zb2xsLXBmbGVnZWJlZHVlcmZ0aWdlLXZvci1zdHVlcnplbi1iZXdhaHJlbtIBAA?oc=5,Künstliche Intelligenz soll Pflegebedürftige vor Stürzen bewahren - Kirche-und-Leben.de,2023-08-17,Kirche-und-Leben.de,https://www.kirche-und-leben.de,"Im Stift Tilbeck läuft ein Pilotprojekt, bei dem Künstliche Intelligenz Sturz- und Bewegungsprotokolle von Bewohnern in der Altenpflege erstellt.","KI, Künstliche Intelligenz, Pflege, Stift Tilbeck, ETAP, Pilotprojekt","Im Stift Tilbeck läuft ein Pilotprojekt, bei dem Künstliche Intelligenz Sturz- und Bewegungsprotokolle von Bewohnern in der Altenpflege erstellt.",N/A,N/A,N/A,"


Bericht

							17. August 2023
							




Pilotprojekt im Stift Tilbeck im Münsterland


Künstliche Intelligenz soll Pflegebedürftige vor Stürzen bewahren








Projektleiterin Michaela Marx in einem Zimmer, in dem die Kamera der KI - oben links neben der Tür - zum Einsatz kommt.Foto: Michael Bönte






 Im Stift Tilbeck läuft derzeit ein Pilotprojekt, bei dem Künstliche Intelligenz Sturzprotokolle und Gangbildprotokolle von Bewohnern in der Altenpflege erstellt. Die Daten sollen die Arbeit der Pflegekräfte erleichtern, ergänzen - aber nicht ersetzen. Auch Probleme wie Überwachung und Datenschutz sind im Blick. 





Anzeige





„Weicher Sturz auf Zimmer 123“ könnte die Meldung heißen, die auf den mobilen Telefonen der Pflegekräfte in den Altenpflege-Einrichtungen des Stifts Tilbeck bei Havixbeck erscheint. Dann wäre für die Mitarbeitenden klar: Die Hüfte des Bewohners hat sich bis auf zehn Zentimeter dem Boden genähert – aber mit geringer Geschwindigkeit. Übersetzt hieße das: Der Patient ist zu Boden gegangen, der Aufprall aber war nicht besonders heftig. Gemeldet hätte das Ereignis die Künstliche Intelligenz (KI), die dort derzeit getestet wird.
Was erst einmal nichts anderes ist als ein Sensor, der in den Zimmern von 44 Bewohnern installiert wurde. ""Dieser blickt rund um die Uhr ins Zimmer, zeichnet dabei eine 60-sekündige Sequenz auf, wenn es zu einem kritischen Ereignis kommt"", erklärt Michaela Marx, die das Projekt im Stift leitet. ""Wie bei einer Alexa, die nur reagiert, wenn sie ihren Namen hört, reagiert der Sensor nur dann, wenn es zu einem Sturz kommt."" Den Pflegenden wird die Aufzeichnung zur Verfügung gestellt, um zu sehen, wie es zu dem Sturz kam und Maßnahmen zur Sturzprophylaxe abzuleiten.
Der Computer, der die Daten auswertet und weiterleitet, leistet aber weit mehr, als einen Sturz zu beobachten: „Er erkennt Bewegungsmuster, Veränderungen im Gangbild, die eine mögliche Ursache für Stürze sein können.“
Keine Pflegekraft kann ersetzt werden
Es geht um eine Unterstützung der Pflegearbeit, um eine ergänzende Maßnahme, um ein verbessertes Angebot für die Bewohner - das ist Marx wichtig. „Mit diesem Hilfsmittel werden keine Pflegekräfte ersetzt werden können“, sagt sie. „Es ist aber ein zusätzliches Hilfsmittel, eine weitere Möglichkeit, unsere Arbeit weiterzuentwickeln.“
Vorteile für die Bewohner liegen auf der Hand: Gefahrensituationen etwa können frühzeitig erkannt, problematische Gangbilder warhgenommen werden. Im Notfall wird umgehend Hilfe alarmiert. „Was gerade in den Nachtschichten wichtig sein kann.“
Hilfe in der Nacht
Auch dem pflegenden Personal bringt der KI-Einsatz etwas, sagt Marx: „Zwischen den turnusmäßigen Zimmerkontrollen in der Nacht können sie sich auf die unterstützende Wahrnehmung des Systems verlassen.“
Zudem kann ihnen der Computer zusätzliche Informationen geben, um ihre Pflege exakter planen zu können. „Wenn die KI Hinweise darauf gibt, dass der Teppich schon einige Mal zum Sturzrisiko wurde, kann das ein entscheidender Hinweis sein.“
Sorgen um Überwachung und Datenschutz
Die Nachfrage zur Teilnahme an dem Pilotprojekt war riesig, sagt Marx. „Etwa zwei Drittel der Angehörigen oder rechtlichen Betreuer wollten, dass die Bewohner daran teilnehmen.“
Der Nutzen für das Wohl der Menschen war für viele ersichtlich. Es wurde aber auch skeptisch nachgefragt. Gerade die Sorge um Datenschutz und um ständige Überwachung standen dabei im Raum.
Ministerium fördert Projekt
 Darstellung der Bewegung eines Bewohners durch die KI auf dem Bildschirm der Pflegekräfte: Entfremdet und nicht erkennbar, aber mit wichtigen Daten für das Projekt. | Foto: Michael Bönte
„Bei den Videos handelt es sich aber um absolut verfremdete Aufzeichnungen – die Person, ihre Kleidung oder ihr Handeln sind nicht zu erkennen.“ Bei der Testreihe werden zudem nur die Bilder gesichert, deren Daten für das Bewegungs- und Sturzprotokoll relevant sind.
Für das vom Bundesgesundheitsministerium geförderte Projekt haben sich mehrere Partner aus Praxis, Forschung und Wirtschaft zusammengetan. Neben dem im Stift Tilbeck gibt es einen weiteren Testlauf bei der Arbeiterwohlfahrt in Karlsruhe. Dabei geht es neben der technischen und organisatorischen Umsetzung auch um eine ethische Auswertung. Mit Fragenbögen und in Interviews wird die Auswirkung der neuen Technik auf die Pflegekräfte erforscht.
Robotern fehlt die Empathie
„Solange die KI die Pflegekräfte entlastet und damit mehr Zeit für die persönliche Interaktion bewirkt, ist sie angebracht“, sagt Marx. Sie sieht weitere Möglichkeiten etwa beim Transport von Wäsche oder dem Verteilen der Mahlzeiten auf die Wohngruppen durch Roboter.
„Überall wo Empathie und menschliche Zuwendung gebraucht werden, kann und darf die KI aber keinen Menschen ersetzen.“ Wenn es also um das Ankleiden oder das Reichen von Essen gehe, müsse der Roboter außen vor bleiben.



Michael Bönte




Drucken




Themen:
Pflege
Künstliche Intelligenz (KI)
Kreisdekanat Coesfeld
Senioren



Anzeige




















",,,,,,,,,,,,,,,,,,,,,,,
https://news.google.com/rss/articles/CBMijAFodHRwczovL3d3dy5zcGllZ2VsLmRlL3N0YXJ0L2NoYXRncHQtaW0tc3R1ZGl1bS1zby1rYW5uLWtpLWRhcy13aXNzZW5zY2hhZnRsaWNoZS1hcmJlaXRlbi1lcmxlaWNodGVybi1hLTFkODc2NmE0LTk4OTgtNDNmNi05YWUyLWM3NGI3ZTAzNWRjN9IBAA?oc=5,(S+) ChatGPT im Studium: So kann KI das wissenschaftliche Arbeiten erleichtern - DER SPIEGEL,2023-08-18,DER SPIEGEL,https://www.spiegel.de,"Eine Struktur für ein Referat erstellen? Belege für eine Behauptung in der Hausarbeit finden? All das kann KI schon jetzt. Studierende und Dozenten verraten, wie sie die Tools im Studium nutzen – völlig ohne Schummeln.",N/A,"Eine Struktur für ein Referat erstellen? Belege für eine Behauptung in der Hausarbeit finden? All das kann KI schon jetzt. Studierende und Dozenten verraten, wie sie die Tools im Studium nutzen – völlig ohne Schummeln.",N/A,N/A,N/A,"





Studieren mit ChatGPT











So kann KI das wissenschaftliche Arbeiten erleichtern



Eine Struktur für ein Referat erstellen? Belege für eine Behauptung in der Hausarbeit finden? All das kann KI schon jetzt. Studierende und Dozenten verraten, wie sie die Tools im Studium nutzen – völlig ohne Schummeln.


Aufgezeichnet von

Larena Klöckner und 

Tanya Falenczyk

18.08.2023, 06.13 Uhr















Zur Merkliste hinzufügen






















X.com






Facebook








E-Mail







Messenger







WhatsApp










Link kopieren







Weitere Optionen zum Teilen













E-Mail











Messenger











WhatsApp














Link kopieren






























Bild vergrößern



Echte Hilfe statt schlechte Schummelei: So bringt KI im Studium wirklich etwas (Symbolfoto)

Foto: iStockphoto / Getty Images


































Sie können den Artikel leider nicht mehr aufrufen. Der Link, der Ihnen geschickt wurde, ist entweder älter als 30 Tage oder der Artikel wurde bereits 10 Mal geöffnet.













SPIEGEL plus


















Anmelden



Digital-Abo


Sagen, was ist.
Testen Sie das digitale Angebot und erfahren Sie, warum mehr als 400.000 Menschen den SPIEGEL abonnieren.








Kennenlernangebot - 4 Wochen für € 1,–









€ 2,99 pro Woche für 52 Wochen

€ 100,- sparen








Jetzt abonnieren










Ihre Bezahlmöglichkeiten:

Paypal






Sepa






Visa






Mastercard






ApplePay






GooglePay







Jederzeit kündigen.









Weiterlesen mit


SPIEGEL+





Mehr Perspektiven, mehr verstehen.

Freier Zugang zu allen Artikeln, Videos, Audioinhalten und Podcasts










Alle Artikel auf SPIEGEL.de frei zugänglich




DER SPIEGEL als E-Paper und in der App




Alle Artikel zum Anhören und exklusive Podcasts




Nur € 21,99 pro Monat, jederzeit kündbar









Jetzt kaufen





Sie haben bereits ein Digital-Abonnement?

Hier anmelden





iTunes-Abo wiederherstellen


SPIEGEL+ wird über Ihren iTunes-Account abgewickelt und mit Kaufbestätigung bezahlt. 24 Stunden vor Ablauf verlängert sich das Abo automatisch um
einen Monat zum Preis von zurzeit € 21,99. In den Einstellungen Ihres iTunes-Accounts können Sie das Abo jederzeit kündigen. Um SPIEGEL+ außerhalb
dieser App zu nutzen, müssen Sie das Abo direkt nach dem Kauf mit einem SPIEGEL-ID-Konto verknüpfen. Mit dem Kauf akzeptieren Sie unsere
Allgemeinen Geschäftsbedingungen und Datenschutzerklärung.















Feedback


",,,,,,,,,,,,,,,,,,,,,,,
https://news.google.com/rss/articles/CBMiSmh0dHBzOi8vd3d3LnpkZi5kZS9uYWNocmljaHRlbi93aXNzZW4vdW4tc3R1ZGllLWtpLWtlaW4tam9ia2lsbGVyLTEwMC5odG1s0gFKaHR0cHM6Ly9hbXAuemRmLmRlL25hY2hyaWNodGVuL3dpc3Nlbi91bi1zdHVkaWUta2kta2Vpbi1qb2JraWxsZXItMTAwLmh0bWw?oc=5,UN-Studie: KI kein Jobkiller - zdf.de,2023-08-21,zdf.de,https://www.zdf.de,"Die Stadt Heidelberg hat mit Hilfe von Künstlicher Intelligenz einen neuen Stadt-Mitarbeiter geschaffen, der Bürgern Rede und Antwort steht.",N/A,Wird künstliche Intelligenz Jobs überflüssig machen? Eine UN-Studie relativiert. Doch in einem Bereich werden große Veränderungen erwartet.,Wird künstliche Intelligenz Jobs überflüssig machen? Eine UN-Studie relativiert. Doch in einem Bereich werden große Veränderungen erwartet.,N/A,N/A,"SPD-Chefin:Esken: KI kann langweilige Jobs erledigenMonotones für die KI, anspruchsvolle Aufgaben für Menschen - so könnte die Arbeitswelt laut SPD-Chefin Esken künftig aussehen. Welche Gefahren es gibt - und was ChatGPT davon hält.",https://schema.org,VideoObject,,,https://www.zdf.de/nachrichten/wissen/un-studie-ki-kein-jobkiller-100.html,"{'@type': 'Organization', 'name': 'ZDFheute', 'logo': {'@type': 'ImageObject', 'url': 'https://www.zdf.de/nachrichten/_next/static/media/publisher-logo-60px.e5cf6e10.png', 'width': '199', 'height': '60'}, 'sameAs': ['https://www.facebook.com/ZDFheute/', 'https://www.instagram.com/zdfheute/', 'https://twitter.com/zdfheute', 'https://www.youtube.com/zdfheute'], 'brand': {'@type': 'Brand', 'name': 'ZDFheute', 'logo': {'@type': 'ImageObject', 'url': 'https://www.zdf.de/nachrichten/_next/static/media/publisher-logo-60px.e5cf6e10.png', 'width': '199', 'height': '60'}, 'sameAs': ['https://www.facebook.com/ZDFheute/', 'https://www.instagram.com/zdfheute/', 'https://twitter.com/zdfheute', 'https://www.youtube.com/zdfheute']}}",2023-08-21T17:45:52.420+02:00,UN-Studie: KI kein Jobkiller,"{'@type': 'Organization', 'name': 'ZDF'}",,[],,2023-08-21T17:45:52.420+02:00,,"[{'@type': 'ListItem', 'position': 1, 'item': {'@id': 'https://www.zdf.de/nachrichten', 'name': 'Startseite'}}, {'@type': 'ListItem', 'position': 2, 'item': {'@id': 'https://www.zdf.de/nachrichten/wissen', 'name': 'Wissen'}}, {'@type': 'ListItem', 'position': 3, 'item': {'@id': 'https://www.zdf.de/nachrichten/wissen/un-studie-ki-kein-jobkiller-100.html', 'name': 'UN-Studie: KI kein Jobkiller'}}]",KI als Service-Mitarbeiter in Heidelberg,"['https://www.zdf.de/assets/kuenstliche-intelligenz-heidelberg-100~2400x1350?cb=1678713562200', 'https://www.zdf.de/assets/kuenstliche-intelligenz-heidelberg-100~314x314?cb=1678713562200']",PT5M34S,2023-03-13T19:25:00.000+01:00,,,,
https://news.google.com/rss/articles/CBMiZmh0dHBzOi8vd3d3LmJ1c2luZXNzaW5zaWRlci5kZS9rYXJyaWVyZS9raS1pbi1kYXgtdW50ZXJuZWhtZW4tZGllc2UtdG9wLWZpcm1lbi1zdWNoZW4tbnVuLWZhY2hrcmFlZnRlL9IBAA?oc=5,KI in Dax-Unternehmen: Diese Top-Firmen suchen Fachkräfte - Business Insider Deutschland,2023-08-20,Business Insider Deutschland,https://www.businessinsider.de,Ihr wollt als KI-Experte in einem der Top-Unternehmen Deutschlands arbeiten? In diesen Dax-Unternehmen sind verschiedene Stellen offen.,"Dax-Unternehmen, Jobs, Künstliche Intelligenz",Ihr wollt als KI-Experte in einem der Top-Unternehmen Deutschlands arbeiten? In diesen Dax-Unternehmen sind verschiedene Stellen offen.,N/A,N/A,N/A,"






Lade Premium-Inhalte...








Getty Images / monsitj






Der Hype um künstliche Intelligenz macht auch vor dem Arbeitsmarkt nicht halt. In fast jeder Berufsgruppe werden werden KI-Experten gesucht.
Business Insider hat daher bei den Dax-Unternehmen angefragt, ob und für welche Bereiche sie Fachkräfte suchen.
Die Antworten zeigen: Auch ein Großteil der Konzerne sucht in fast allen Bereichen KI-Spezialisten – vom Prompt Engineer bis zum Data Scientist.









Lade Premium-Inhalte...

Inhalt nicht verfügbar - bitte aktivieren
Sie haben ein contentpass-Abo, wollen jedoch ihr Business Insider Abo Verwalten oder ein Abo abschliessen?

Dann klicken Sie auf ""zustimmen"" und wir binden unseren externen Abo-Dienst der Firma ""Piano"" in unser Angebot ein.  In diesem Zusammenhang können auch Nutzungsprofile (u.a. aus Basis von Cookie-IDs) gebildet und angereichert, auch außerhalb des EWR. Ihre Einwilligung umfasst in diesem Fall auch die Übermittlung bestimmter personenbezogener Daten in Drittländer, u.a. die USA nach Art 49 Abs. 1 Buchst. a) DSGVO.
 
Weitere Details zur Datenverarbeitung finden Sie in unseren Datenschutzhinweisen sowie in der Privatsphäre,  jeweils jederzeit im Footer unseres Angebotes verfügbar.
 
Ihre Einwilligung können Sie jederzeit im Footer unseres Angebotes über den Link ""Widerruf Tracking"" ausüben.

Zustimmen und anzeigen










Verwandte Artikel Apple will euch KI aufs Handy bringen – Samsung steckt sie euch an den Finger Obwohl es noch keine verbindlichen Regeln gibt: Bundesregierung nutzt immer häufiger KI „Ich wollte nicht auf der Titanic der KI arbeiten“: Ehemaliger OpenAI-Mitarbeiter erklärt, warum er kündigte Meta-KI in Europa pausiert: Was ihr trotzdem wissen solltet Ich bin mit einem Tischler zusammen – seine Einstellung zu Karriere hat mir gezeigt, dass mein Job nicht alles ist


Mehr zum ThemaDax-UnternehmenJobsKünstliche Intelligenz


Empfehlungen








",http://schema.org,NewsArticle,,,,"{'@type': 'Organization', 'name': 'Business Insider'}",,,,False,,,,"{'@type': ['CreativeWork', 'Product'], 'name': 'Business Insider', 'productID': 'businessinsider.de:showcase'}",,,,,,,,,"[{'@type': 'NewsArticle', '@id': 'https://www.businessinsider.de/karriere/ki-in-dax-unternehmen-diese-top-firmen-suchen-nun-fachkraefte/#article', 'isPartOf': {'@id': 'https://www.businessinsider.de/karriere/ki-in-dax-unternehmen-diese-top-firmen-suchen-nun-fachkraefte/'}, 'author': {'@type': 'Person', 'name': 'Hendrikje Rudnick', 'url': 'https://www.businessinsider.de/autoren/hendrikje-rudnick/'}, 'headline': 'KI in Dax-Unternehmen: Diese Top-Firmen suchen Fachkräfte', 'datePublished': '2023-08-20T05:59:55+00:00', 'dateModified': '2023-08-20T05:59:57+00:00', 'mainEntityOfPage': {'@id': 'https://www.businessinsider.de/karriere/ki-in-dax-unternehmen-diese-top-firmen-suchen-nun-fachkraefte/'}, 'wordCount': 1101, 'publisher': {'@id': 'https://www.businessinsider.de/#organization'}, 'image': {'@id': 'https://www.businessinsider.de/karriere/ki-in-dax-unternehmen-diese-top-firmen-suchen-nun-fachkraefte/#primaryimage'}, 'thumbnailUrl': 'https://cdn.businessinsider.de/wp-content/uploads/2023/08/202308_BI_Artikel_DAX_KI_1800x1200.jpg?ver=1692362438', 'keywords': ['Dax-Unternehmen', 'Jobs', 'Künstliche Intelligenz'], 'articleSection': ['Karriere'], 'inLanguage': 'de-DE', 'copyrightYear': '2023', 'copyrightHolder': {'@id': 'https://www.businessinsider.de/#organization'}}, {'@type': 'WebPage', '@id': 'https://www.businessinsider.de/karriere/ki-in-dax-unternehmen-diese-top-firmen-suchen-nun-fachkraefte/', 'url': 'https://www.businessinsider.de/karriere/ki-in-dax-unternehmen-diese-top-firmen-suchen-nun-fachkraefte/', 'name': 'KI in Dax-Unternehmen: Diese Top-Firmen suchen Fachkräfte', 'isPartOf': {'@id': 'https://www.businessinsider.de/#website'}, 'primaryImageOfPage': {'@id': 'https://www.businessinsider.de/karriere/ki-in-dax-unternehmen-diese-top-firmen-suchen-nun-fachkraefte/#primaryimage'}, 'image': {'@id': 'https://www.businessinsider.de/karriere/ki-in-dax-unternehmen-diese-top-firmen-suchen-nun-fachkraefte/#primaryimage'}, 'thumbnailUrl': 'https://cdn.businessinsider.de/wp-content/uploads/2023/08/202308_BI_Artikel_DAX_KI_1800x1200.jpg?ver=1692362438', 'datePublished': '2023-08-20T05:59:55+00:00', 'dateModified': '2023-08-20T05:59:57+00:00', 'description': 'Ihr wollt als KI-Experte in einem der Top-Unternehmen Deutschlands arbeiten? In diesen Dax-Unternehmen sind verschiedene Stellen offen.', 'breadcrumb': {'@id': 'https://www.businessinsider.de/karriere/ki-in-dax-unternehmen-diese-top-firmen-suchen-nun-fachkraefte/#breadcrumb'}, 'inLanguage': 'de-DE', 'potentialAction': [{'@type': 'ReadAction', 'target': ['https://www.businessinsider.de/karriere/ki-in-dax-unternehmen-diese-top-firmen-suchen-nun-fachkraefte/']}]}, {'@type': 'ImageObject', 'inLanguage': 'de-DE', '@id': 'https://www.businessinsider.de/karriere/ki-in-dax-unternehmen-diese-top-firmen-suchen-nun-fachkraefte/#primaryimage', 'url': 'https://cdn.businessinsider.de/wp-content/uploads/2023/08/202308_BI_Artikel_DAX_KI_1800x1200.jpg?ver=1692362438', 'contentUrl': 'https://cdn.businessinsider.de/wp-content/uploads/2023/08/202308_BI_Artikel_DAX_KI_1800x1200.jpg?ver=1692362438', 'width': 1800, 'height': 1200, 'caption': 'KI Dax-Unternehmen'}, {'@type': 'BreadcrumbList', '@id': 'https://www.businessinsider.de/karriere/ki-in-dax-unternehmen-diese-top-firmen-suchen-nun-fachkraefte/#breadcrumb', 'itemListElement': [{'@type': 'ListItem', 'position': 1, 'name': 'Home', 'item': 'https://www.businessinsider.de/'}, {'@type': 'ListItem', 'position': 2, 'name': 'Karriere', 'item': 'https://www.businessinsider.de/karriere/'}, {'@type': 'ListItem', 'position': 3, 'name': 'Ihr wollt als KI-Experte bei einem Dax-Unternehmen arbeiten? In diesen Bereichen suchen Deutschlands Top-Firmen Fachpersonal'}]}, {'@type': 'WebSite', '@id': 'https://www.businessinsider.de/#website', 'url': 'https://www.businessinsider.de/', 'name': 'Business Insider', 'description': 'Aktuelle News von Business Insider aus Deutschland.', 'publisher': {'@id': 'https://www.businessinsider.de/#organization'}, 'potentialAction': [{'@type': 'SearchAction', 'target': {'@type': 'EntryPoint', 'urlTemplate': 'https://www.businessinsider.de/?s={search_term_string}'}, 'query-input': 'required name=search_term_string'}], 'inLanguage': 'de-DE'}, {'@type': 'Organization', '@id': 'https://www.businessinsider.de/#organization', 'name': 'Business Insider', 'url': 'https://www.businessinsider.de/', 'logo': {'@type': 'ImageObject', 'inLanguage': 'de-DE', '@id': 'https://www.businessinsider.de/#/schema/logo/image/', 'url': 'https://cdn.businessinsider.de/wp-content/uploads/2024/03/BI-SecondaryLogo-Black.png?ver=1709627310', 'contentUrl': 'https://cdn.businessinsider.de/wp-content/uploads/2024/03/BI-SecondaryLogo-Black.png?ver=1709627310', 'width': 4096, 'height': 361, 'caption': 'Business Insider'}, 'image': {'@id': 'https://www.businessinsider.de/#/schema/logo/image/'}}, {'@type': 'Person', '@id': 'https://www.businessinsider.de/#/schema/person/be65ab1e0cdff59ab1f1f6ad516df7bc', 'name': 'Hendrikje Rudnick', 'url': 'https://www.businessinsider.de/autoren/hendrikje-rudnick/'}]"
https://news.google.com/rss/articles/CBMiZGh0dHBzOi8vd3d3LndvcnQubHUva3VsdHVyL2x1eGVtYnVyZy1tdXNzLWRpZS1raS1pbi1kZW4tZGllbnN0LWRlci1nZXNlbGxzY2hhZnQtc3RlbGxlbi8yNTEyNDQ3Lmh0bWzSAQA?oc=5,Luxemburg muss die KI in den Dienst der Gesellschaft stellen - Luxemburger Wort,2023-08-21,Luxemburger Wort,https://www.wort.lu,Der radikale Wandel in unserer Lebenswelt benötigt weit mehr als abzuwarten. Gerade wenn die Gesellschaft keinen Schaden nehmen soll.,N/A,Der radikale Wandel in unserer Lebenswelt benötigt weit mehr als abzuwarten. Gerade wenn die Gesellschaft keinen Schaden nehmen soll.,Der radikale Wandel in unserer Lebenswelt benötigt weit mehr als abzuwarten. Gerade wenn die Gesellschaft keinen Schaden nehmen soll.,N/A,N/A,LeitartikelKünstliche IntelligenzLuxemburg muss die KI in den Dienst der Gesellschaft stellenDer radikale Wandel in unserer Lebenswelt benötigt weit mehr als abzuwarten. Gerade wenn die Gesellschaft keinen Schaden nehmen soll.Entwicklungen in der Künstlichen Intelligenz wie ChatGPT könnten Experten zufolge ganze Branchen durcheinanderwirbeln. Foto: Sebastian Gollnow/dpaDaniel ConradRedakteurShare this with twitterShare this with facebookShare this with whatsappShare this with email21.08.2023KIKünstliche Intelligenz,https://schema.org,NewsArticle,,,,,2023-08-21T08:08:04.000Z,Luxemburg muss die KI in den Dienst der Gesellschaft stellen,"[{'@context': 'https://schema.org', '@type': 'Person', 'name': 'Daniel CONRAD', 'url': 'https://www.wort.lu/autoren/252-daniel-conrad'}]",False,"['https://img.wort.lu/public/luxemburg/8m3670-k-nstliche-intelligenz-29731281.jpeg/alternates/BASE_WIDTH/k-nstliche-intelligenz-29731281.jpeg', 'https://img.wort.lu/public/luxemburg/8m3670-k-nstliche-intelligenz-29731281.jpeg/alternates/BASE_ONE_ONE/k-nstliche-intelligenz-29731281.jpeg', 'https://img.wort.lu/public/luxemburg/8m3670-k-nstliche-intelligenz-29731281.jpeg/alternates/BASE_SIXTEEN_NINE/k-nstliche-intelligenz-29731281.jpeg', 'https://img.wort.lu/public/luxemburg/8m3670-k-nstliche-intelligenz-29731281.jpeg/alternates/BASE_FOUR_FIVE/k-nstliche-intelligenz-29731281.jpeg', 'https://img.wort.lu/public/luxemburg/8m3670-k-nstliche-intelligenz-29731281.jpeg/alternates/BASE_FOUR_THREE/k-nstliche-intelligenz-29731281.jpeg', 'https://img.wort.lu/public/luxemburg/8m3670-k-nstliche-intelligenz-29731281.jpeg/alternates/BASE_THREE_TWO/k-nstliche-intelligenz-29731281.jpeg', 'https://img.wort.lu/public/luxemburg/8m3670-k-nstliche-intelligenz-29731281.jpeg/alternates/BASE_TWENTYONE_NINE/k-nstliche-intelligenz-29731281.jpeg']","{'@type': 'WebPageElement', 'isAccessibleForFree': 'False', 'cssSelector': '.premium-content'}",2023-08-21T17:00:00.000Z,,,,,,,,,,
https://news.google.com/rss/articles/CBMiZmh0dHBzOi8vd3d3LmJ1c2luZXNzaW5zaWRlci5kZS93aXJ0c2NoYWZ0L2RpZXNlLTExLWtpLXRvb2xzLXNwYXJlbi1taXItMTAwLXN0dW5kZW4tYXJiZWl0LWplZGVuLW1vbmF0L9IBAA?oc=5,Diese elf KI-Tools sparen mir 100 Stunden Arbeit jeden Monat - Business Insider Deutschland,2023-08-19,Business Insider Deutschland,https://www.businessinsider.de,"Moritz Kremb kündigte seinen Job, um sich mit einer KI-Beratung selbstständig zu machen. Hier verrät er seine Lieblings-Tools.","Chat GPT, Google, Künstliche Intelligenz, Zeit, Zeitmanagement","Moritz Kremb kündigte seinen Job, um sich mit einer KI-Beratung selbstständig zu machen. Hier verrät er seine Lieblings-Tools.",N/A,N/A,N/A,"






Lade Premium-Inhalte...








Moritz Kremb folgen auf X (ehemals Twitter) fast 50.000 Menschen. Dort schreibt er über das Thema Künstliche Inteligenz.
Moritz Kremb, Getty Images; Collage: Dominik Schmitt






Moritz Kremb ist selbstständiger KI-Berater und kündigte dafür vor einigen Monaten seinen sicheren Job.
Inzwischen folgen ihm auf X (ehemals Twitter) fast 50.000 Menschen. Dort schreibt er vor allem zum Thema Künstliche Intelligenz.
Im Gespräch mit Business Insider verrät Kremb elf KI-Tools, die er nutzt und wie viel Zeit er dadurch spart.



Ende 2022 begann Moritz Kremb sich mit dem Thema Künstliche Intelligenz zu beschäftigen. Angefangen hat damals alles mit Chat GPT. Der Berliner erkannte ein großes Potential, kündigte seinen sicheren Job und wurde selbstständiger KI-Berater. 
Inzwischen folgen ihm knapp 50.000 Menschen auf X (ehemals Twitter), wo er über Chat GPT, Bard, und Co. informiert.

Im Gespräch mit Business Insider hat Kremb jetzt elf KI-Tools verraten, die er als Berater nutzt. Außerdem hat er geschätzt, wie viel Zeit er dadurch im Monat etwa spart. 
1. Midjourney (rund neun Euro):






Lade Premium-Inhalte...

Inhalt nicht verfügbar - bitte aktivieren
Sie haben ein contentpass-Abo, wollen jedoch ihr Business Insider Abo Verwalten oder ein Abo abschliessen?

Dann klicken Sie auf ""zustimmen"" und wir binden unseren externen Abo-Dienst der Firma ""Piano"" in unser Angebot ein.  In diesem Zusammenhang können auch Nutzungsprofile (u.a. aus Basis von Cookie-IDs) gebildet und angereichert, auch außerhalb des EWR. Ihre Einwilligung umfasst in diesem Fall auch die Übermittlung bestimmter personenbezogener Daten in Drittländer, u.a. die USA nach Art 49 Abs. 1 Buchst. a) DSGVO.
 
Weitere Details zur Datenverarbeitung finden Sie in unseren Datenschutzhinweisen sowie in der Privatsphäre,  jeweils jederzeit im Footer unseres Angebotes verfügbar.
 
Ihre Einwilligung können Sie jederzeit im Footer unseres Angebotes über den Link ""Widerruf Tracking"" ausüben.

Zustimmen und anzeigen










Verwandte Artikel Apple will euch KI aufs Handy bringen – Samsung steckt sie euch an den Finger Obwohl es noch keine verbindlichen Regeln gibt: Bundesregierung nutzt immer häufiger KI „Ich wollte nicht auf der Titanic der KI arbeiten“: Ehemaliger OpenAI-Mitarbeiter erklärt, warum er kündigte Meta-KI in Europa pausiert: Was ihr trotzdem wissen solltet Jeff Bezos gab schon vor Jahren einen wichtigen Ratschlag für Unternehmen, der im Zeitalter der KI wichtiger denn je ist


Mehr zum ThemaChat GPTGoogleKünstliche IntelligenzZeitZeitmanagement


Empfehlungen








",http://schema.org,NewsArticle,,,,"{'@type': 'Organization', 'name': 'Business Insider'}",,,,False,,,,"{'@type': ['CreativeWork', 'Product'], 'name': 'Business Insider', 'productID': 'businessinsider.de:showcase'}",,,,,,,,,"[{'@type': 'NewsArticle', '@id': 'https://www.businessinsider.de/wirtschaft/diese-11-ki-tools-sparen-mir-100-stunden-arbeit-jeden-monat/#article', 'isPartOf': {'@id': 'https://www.businessinsider.de/wirtschaft/diese-11-ki-tools-sparen-mir-100-stunden-arbeit-jeden-monat/'}, 'author': {'@type': 'Person', 'name': 'Tristan Filges', 'url': 'https://www.businessinsider.de/autoren/tristan-filges/'}, 'headline': 'Diese elf KI-Tools sparen mir 100 Stunden Arbeit jeden Monat', 'datePublished': '2023-08-19T06:12:48+00:00', 'dateModified': '2023-08-19T06:12:50+00:00', 'mainEntityOfPage': {'@id': 'https://www.businessinsider.de/wirtschaft/diese-11-ki-tools-sparen-mir-100-stunden-arbeit-jeden-monat/'}, 'wordCount': 637, 'publisher': {'@id': 'https://www.businessinsider.de/#organization'}, 'image': {'@id': 'https://www.businessinsider.de/wirtschaft/diese-11-ki-tools-sparen-mir-100-stunden-arbeit-jeden-monat/#primaryimage'}, 'thumbnailUrl': 'https://cdn.businessinsider.de/wp-content/uploads/2023/07/202307_BI_Artikel_ChatGPT_Bart_1800x1200.jpg?ver=1690287278', 'keywords': ['Chat GPT', 'Google', 'Künstliche Intelligenz', 'Zeit', 'Zeitmanagement'], 'articleSection': ['Wirtschaft'], 'inLanguage': 'de-DE', 'copyrightYear': '2023', 'copyrightHolder': {'@id': 'https://www.businessinsider.de/#organization'}}, {'@type': 'WebPage', '@id': 'https://www.businessinsider.de/wirtschaft/diese-11-ki-tools-sparen-mir-100-stunden-arbeit-jeden-monat/', 'url': 'https://www.businessinsider.de/wirtschaft/diese-11-ki-tools-sparen-mir-100-stunden-arbeit-jeden-monat/', 'name': 'Diese elf KI-Tools sparen mir 100 Stunden Arbeit jeden Monat', 'isPartOf': {'@id': 'https://www.businessinsider.de/#website'}, 'primaryImageOfPage': {'@id': 'https://www.businessinsider.de/wirtschaft/diese-11-ki-tools-sparen-mir-100-stunden-arbeit-jeden-monat/#primaryimage'}, 'image': {'@id': 'https://www.businessinsider.de/wirtschaft/diese-11-ki-tools-sparen-mir-100-stunden-arbeit-jeden-monat/#primaryimage'}, 'thumbnailUrl': 'https://cdn.businessinsider.de/wp-content/uploads/2023/07/202307_BI_Artikel_ChatGPT_Bart_1800x1200.jpg?ver=1690287278', 'datePublished': '2023-08-19T06:12:48+00:00', 'dateModified': '2023-08-19T06:12:50+00:00', 'description': 'Moritz Kremb kündigte seinen Job, um sich mit einer KI-Beratung selbstständig zu machen. Hier verrät er seine Lieblings-Tools.', 'breadcrumb': {'@id': 'https://www.businessinsider.de/wirtschaft/diese-11-ki-tools-sparen-mir-100-stunden-arbeit-jeden-monat/#breadcrumb'}, 'inLanguage': 'de-DE', 'potentialAction': [{'@type': 'ReadAction', 'target': ['https://www.businessinsider.de/wirtschaft/diese-11-ki-tools-sparen-mir-100-stunden-arbeit-jeden-monat/']}]}, {'@type': 'ImageObject', 'inLanguage': 'de-DE', '@id': 'https://www.businessinsider.de/wirtschaft/diese-11-ki-tools-sparen-mir-100-stunden-arbeit-jeden-monat/#primaryimage', 'url': 'https://cdn.businessinsider.de/wp-content/uploads/2023/07/202307_BI_Artikel_ChatGPT_Bart_1800x1200.jpg?ver=1690287278', 'contentUrl': 'https://cdn.businessinsider.de/wp-content/uploads/2023/07/202307_BI_Artikel_ChatGPT_Bart_1800x1200.jpg?ver=1690287278', 'width': 1800, 'height': 1200}, {'@type': 'BreadcrumbList', '@id': 'https://www.businessinsider.de/wirtschaft/diese-11-ki-tools-sparen-mir-100-stunden-arbeit-jeden-monat/#breadcrumb', 'itemListElement': [{'@type': 'ListItem', 'position': 1, 'name': 'Home', 'item': 'https://www.businessinsider.de/'}, {'@type': 'ListItem', 'position': 2, 'name': 'Wirtschaft', 'item': 'https://www.businessinsider.de/wirtschaft/'}, {'@type': 'ListItem', 'position': 3, 'name': 'KI-Experte verrät elf Tools, mit denen er jeden Monat mehr als 100 Stunden Arbeit spart'}]}, {'@type': 'WebSite', '@id': 'https://www.businessinsider.de/#website', 'url': 'https://www.businessinsider.de/', 'name': 'Business Insider', 'description': 'Aktuelle News von Business Insider aus Deutschland.', 'publisher': {'@id': 'https://www.businessinsider.de/#organization'}, 'potentialAction': [{'@type': 'SearchAction', 'target': {'@type': 'EntryPoint', 'urlTemplate': 'https://www.businessinsider.de/?s={search_term_string}'}, 'query-input': 'required name=search_term_string'}], 'inLanguage': 'de-DE'}, {'@type': 'Organization', '@id': 'https://www.businessinsider.de/#organization', 'name': 'Business Insider', 'url': 'https://www.businessinsider.de/', 'logo': {'@type': 'ImageObject', 'inLanguage': 'de-DE', '@id': 'https://www.businessinsider.de/#/schema/logo/image/', 'url': 'https://cdn.businessinsider.de/wp-content/uploads/2024/03/BI-SecondaryLogo-Black.png?ver=1709627310', 'contentUrl': 'https://cdn.businessinsider.de/wp-content/uploads/2024/03/BI-SecondaryLogo-Black.png?ver=1709627310', 'width': 4096, 'height': 361, 'caption': 'Business Insider'}, 'image': {'@id': 'https://www.businessinsider.de/#/schema/logo/image/'}}, {'@type': 'Person', '@id': 'https://www.businessinsider.de/#/schema/person/262c0010507cdc03f057386ad5e4193d', 'name': 'Tristan Filges', 'url': 'https://www.businessinsider.de/autoren/tristan-filges/'}]"
