,title,link,published,sentiment,Sentiment Class
0,Concern rises over AI in adult entertainment - BBC.com,https://news.google.com/rss/articles/CBMiLmh0dHBzOi8vd3d3LmJiYy5jb20vbmV3cy9hcnRpY2xlcy9jMnFxeHFncDl5bm_SATJodHRwczovL3d3dy5iYmMuY29tL25ld3MvYXJ0aWNsZXMvYzJxcXhxZ3A5eW5vLmFtcA?oc=5,"Thu, 06 Jun 2024 23:47:13 GMT",0.1,positive
1,This Is What It Looks Like When AI Eats the World - The Atlantic,https://news.google.com/rss/articles/CBMiUGh0dHBzOi8vd3d3LnRoZWF0bGFudGljLmNvbS90ZWNobm9sb2d5L2FyY2hpdmUvMjAyNC8wNi9haS1lYXRzLXRoZS13b3JsZC82Nzg2Mjcv0gEA?oc=5,"Fri, 07 Jun 2024 15:29:49 GMT",0.0,neutral
2,‘Apple Intelligence’ is the name of Apple’s iOS 18 AI upgrade - The Verge,https://news.google.com/rss/articles/CBMiWGh0dHBzOi8vd3d3LnRoZXZlcmdlLmNvbS8yMDI0LzYvNy8yNDE3MzUyOC9hcHBsZS1pbnRlbGxpZ2VuY2UtYWktZmVhdHVyZXMtb3BlbmFpLWNoYXRib3TSAQA?oc=5,"Fri, 07 Jun 2024 13:12:07 GMT",0.0,neutral
3,AI in software engineering at Google: Progress and the path ahead - Google Research,https://news.google.com/rss/articles/CBMiXmh0dHBzOi8vcmVzZWFyY2guZ29vZ2xlL2Jsb2cvYWktaW4tc29mdHdhcmUtZW5naW5lZXJpbmctYXQtZ29vZ2xlLXByb2dyZXNzLWFuZC10aGUtcGF0aC1haGVhZC_SAQA?oc=5,"Thu, 06 Jun 2024 16:29:33 GMT",0.0,neutral
4,'Top Gun' producer says he doesn't believe claims AI will replace key jobs - Fox News,https://news.google.com/rss/articles/CBMiaGh0dHBzOi8vd3d3LmZveG5ld3MuY29tL2VudGVydGFpbm1lbnQvdG9wLWd1bi1wcm9kdWNlci1zYXlzLWhlLWRvZXNudC1iZWxpZXZlLWNsYWltcy1haS1yZXBsYWNlLWtleS1qb2Jz0gEA?oc=5,"Fri, 07 Jun 2024 06:00:00 GMT",0.25,positive
5,Zoom CEO Wants to Use AI to Create Clones to Attend Meetings for You - PEOPLE,https://news.google.com/rss/articles/CBMibWh0dHBzOi8vcGVvcGxlLmNvbS96b29tLWNlby13YW50cy10by11c2UtYWktdG8tY3JlYXRlLWRpZ2l0YWwtY2xvbmVzLXRoYXQtY2FuLWF0dGVuZC1tZWV0aW5ncy1mb3IteW91LTg2NTk0NTbSAQA?oc=5,"Thu, 06 Jun 2024 18:37:03 GMT",0.2,positive
6,AI has already managed the impossible — making utilities a hot trade: Morning Brief - Yahoo Finance,https://news.google.com/rss/articles/CBMif2h0dHBzOi8vZmluYW5jZS55YWhvby5jb20vbmV3cy9haS1oYXMtYWxyZWFkeS1tYW5hZ2VkLXRoZS1pbXBvc3NpYmxlLS1tYWtpbmctdXRpbGl0aWVzLWEtaG90LXRyYWRlLW1vcm5pbmctYnJpZWYtMTAwMDMwNjgzLmh0bWzSAQA?oc=5,"Fri, 07 Jun 2024 10:00:30 GMT",-0.13888888888888887,negative
7,An AI Cartoon May Interview You for Your Next Job - WIRED,https://news.google.com/rss/articles/CBMiMGh0dHBzOi8vd3d3LndpcmVkLmNvbS9zdG9yeS9haS1jYXJ0b29uLW5leHQtam9iL9IBAA?oc=5,"Fri, 07 Jun 2024 10:00:00 GMT",0.0,neutral
8,OpenAI and Google’s AI systems are powerful. Where are they taking us? - Vox.com,https://news.google.com/rss/articles/CBMiTmh0dHBzOi8vd3d3LnZveC5jb20vZnV0dXJlLXBlcmZlY3QvMzU0MTU3L2FpLXByZWRpY3Rpb25zLWNoYXRncHQtZ29vZ2xlLWZ1dHVyZdIBAA?oc=5,"Fri, 07 Jun 2024 13:00:00 GMT",0.3,positive
9,Would an AI judge be able to efficiently dispense justice? - New Scientist,https://news.google.com/rss/articles/CBMiZ2h0dHBzOi8vd3d3Lm5ld3NjaWVudGlzdC5jb20vYXJ0aWNsZS8yNDM0MTAwLXdvdWxkLWFuLWFpLWp1ZGdlLWJlLWFibGUtdG8tZWZmaWNpZW50bHktZGlzcGVuc2UtanVzdGljZS_SAQA?oc=5,"Fri, 07 Jun 2024 09:00:49 GMT",0.3181818181818182,positive
10,Banks say growing reliance on Big Tech for AI carries new risks - Reuters,https://news.google.com/rss/articles/CBMiZ2h0dHBzOi8vd3d3LnJldXRlcnMuY29tL3RlY2hub2xvZ3kvYmFua3Mtc2F5LWdyb3dpbmctcmVsaWFuY2UtYmlnLXRlY2gtYWktY2Fycmllcy1uZXctcmlza3MtMjAyNC0wNi0wNy_SAQA?oc=5,"Fri, 07 Jun 2024 16:08:00 GMT",0.06818181818181818,positive
11,Don't Let Mistrust of Tech Companies Blind You to the Power of AI - WIRED,https://news.google.com/rss/articles/CBMiVmh0dHBzOi8vd3d3LndpcmVkLmNvbS9zdG9yeS9kb250LWxldC1taXN0cnVzdC1vZi10ZWNoLWNvbXBhbmllcy1ibGluZC15b3UtcG93ZXItb2YtYWkv0gEA?oc=5,"Fri, 07 Jun 2024 13:00:00 GMT",-0.5,negative
12,"Apple faces pressure to show off AI following splashy events at OpenAI, Google and Microsoft - CNBC",https://news.google.com/rss/articles/CBMiZGh0dHBzOi8vd3d3LmNuYmMuY29tLzIwMjQvMDYvMDcvYXBwbGUtdG8tc2hvdy1pdHMtdmlzaW9uLW9mLXRoZS1haS1wb3dlcmVkLWZ1dHVyZS1hdC13d2RjLTIwMjQtLmh0bWzSAWhodHRwczovL3d3dy5jbmJjLmNvbS9hbXAvMjAyNC8wNi8wNy9hcHBsZS10by1zaG93LWl0cy12aXNpb24tb2YtdGhlLWFpLXBvd2VyZWQtZnV0dXJlLWF0LXd3ZGMtMjAyNC0uaHRtbA?oc=5,"Fri, 07 Jun 2024 13:00:01 GMT",0.0,neutral
13,Can AI chatbots provide free therapy? You'd be surprised. | Opinion - The Philadelphia Inquirer,https://news.google.com/rss/articles/CBMiWGh0dHBzOi8vd3d3LmlucXVpcmVyLmNvbS9vcGluaW9uL2NvbW1lbnRhcnkvYWktY2hhdGJvdC10aGVyYXB5LWJsYWNrLXdvbWVuLTIwMjQwNjA3Lmh0bWzSAQA?oc=5,"Fri, 07 Jun 2024 10:00:01 GMT",0.25,positive
14,AI powering commercial insights into the final frontier - SpaceNews,https://news.google.com/rss/articles/CBMiTmh0dHBzOi8vc3BhY2VuZXdzLmNvbS9haS1wb3dlcmluZy1jb21tZXJjaWFsLWluc2lnaHRzLWludG8tdGhlLWZpbmFsLWZyb250aWVyL9IBAA?oc=5,"Fri, 07 Jun 2024 06:00:00 GMT",0.0,neutral
15,How the Humane AI Pin Flopped - The New York Times,https://news.google.com/rss/articles/CBMiQGh0dHBzOi8vd3d3Lm55dGltZXMuY29tLzIwMjQvMDYvMDYvdGVjaG5vbG9neS9odW1hbmUtYWktcGluLmh0bWzSAQA?oc=5,"Thu, 06 Jun 2024 09:02:53 GMT",0.13636363636363635,positive
16,Exclusive | Greylock Leads $36 Million Financing for Cybersecurity Startup Seven AI - The Wall Street Journal,https://news.google.com/rss/articles/CBMibGh0dHBzOi8vd3d3Lndzai5jb20vYXJ0aWNsZXMvZ3JleWxvY2stbGVhZHMtMzYtbWlsbGlvbi1maW5hbmNpbmctZm9yLWN5YmVyc2VjdXJpdHktc3RhcnR1cC1zZXZlbi1haS0wNDhjNWYwOdIBAA?oc=5,"Thu, 06 Jun 2024 23:49:00 GMT",0.0,neutral
17,"Asana Unveils AI Teammates to Tackle Complex Workflows and Elevate Teamwork • Asana, Inc. - Asana - Investor Relations",https://news.google.com/rss/articles/CBMifmh0dHBzOi8vaW52ZXN0b3JzLmFzYW5hLmNvbS9uZXdzLXJlbGVhc2VzL25ld3MtcmVsZWFzZS1kZXRhaWxzL2FzYW5hLXVudmVpbHMtYWktdGVhbW1hdGVzLXRhY2tsZS1jb21wbGV4LXdvcmtmbG93cy1hbmQtZWxldmF0ZdIBAA?oc=5,"Wed, 05 Jun 2024 13:03:41 GMT",-0.3,negative
18,TSMC's May Sales Rise 30% as Countries Race to Secure AI Chips - Yahoo Finance,https://news.google.com/rss/articles/CBMiRGh0dHBzOi8vZmluYW5jZS55YWhvby5jb20vbmV3cy90c21jLW1heS1zYWxlcy1yaXNlLTMwLTA1NDM0NTY1Ni5odG1s0gEA?oc=5,"Fri, 07 Jun 2024 05:43:00 GMT",0.4,positive
19,Silicon Valley in uproar over Californian AI safety bill - Financial Times,https://news.google.com/rss/articles/CBMiP2h0dHBzOi8vd3d3LmZ0LmNvbS9jb250ZW50L2VlZTA4MzgxLTk2MmYtNGJkZi1iMDAwLWVlZmY0MjIzNGVlMNIBAA?oc=5,"Fri, 07 Jun 2024 04:00:53 GMT",0.0,neutral
20,"How smart pet technology, AI are helping (and possibly harming) pets - The Washington Post",https://news.google.com/rss/articles/CBMiVmh0dHBzOi8vd3d3Lndhc2hpbmd0b25wb3N0LmNvbS9idXNpbmVzcy9pbnRlcmFjdGl2ZS8yMDI0L3NtYXJ0LXBldC10ZWNobm9sb2d5LWNhcmUtYWkv0gEA?oc=5,"Fri, 07 Jun 2024 10:32:06 GMT",0.10714285714285714,positive
21,AI 'gold rush' for chatbot training data could run out of human-written text - The Associated Press,https://news.google.com/rss/articles/CBMicGh0dHBzOi8vYXBuZXdzLmNvbS9hcnRpY2xlL2FpLWFydGlmaWNpYWwtaW50ZWxsaWdlbmNlLXRyYWluaW5nLWRhdGEtcnVubmluZy1vdXQtOTY3NjE0NWJhYzBkMzBlY2NlMTUxM2MyMDU2MWI4N2TSAQA?oc=5,"Thu, 06 Jun 2024 13:31:00 GMT",0.0,neutral
22,"ByteDance plans $2.1 bln investment in Malaysia for AI, minister says - Reuters",https://news.google.com/rss/articles/CBMiamh0dHBzOi8vd3d3LnJldXRlcnMuY29tL3RlY2hub2xvZ3kvYnl0ZWRhbmNlLXBsYW5zLTIxLWJsbi1pbnZlc3RtZW50LW1hbGF5c2lhLWFpLW1pbmlzdGVyLXNheXMtMjAyNC0wNi0wNy_SAQA?oc=5,"Fri, 07 Jun 2024 11:08:00 GMT",0.0,neutral
23,The quiet Apple executive behind company's AI strategy - CNBC,https://news.google.com/rss/articles/CBMiPmh0dHBzOi8vd3d3LmNuYmMuY29tLzIwMjQvMDYvMDcvam9obi1naWFubmFuZHJlYS1hcHBsZS1haS5odG1s0gFCaHR0cHM6Ly93d3cuY25iYy5jb20vYW1wLzIwMjQvMDYvMDcvam9obi1naWFubmFuZHJlYS1hcHBsZS1haS5odG1s?oc=5,"Fri, 07 Jun 2024 10:00:01 GMT",-0.2,negative
24,Google's AI Overview Search Results Copied My Original Work - WIRED,https://news.google.com/rss/articles/CBMiVmh0dHBzOi8vd3d3LndpcmVkLmNvbS9zdG9yeS9nb29nbGUtYWktb3ZlcnZpZXctc2VhcmNoLXJlc3VsdHMtY29waWVkLW15LW9yaWdpbmFsLXdvcmsv0gEA?oc=5,"Wed, 05 Jun 2024 10:30:00 GMT",0.375,positive
25,AI agents are having a 'ChatGPT moment' as investors look for what's next after chatbots - CNBC,https://news.google.com/rss/articles/CBMiaWh0dHBzOi8vd3d3LmNuYmMuY29tLzIwMjQvMDYvMDcvYWZ0ZXItY2hhdGdwdC1hbmQtdGhlLXJpc2Utb2YtY2hhdGJvdHMtaW52ZXN0b3JzLXBvdXItaW50by1haS1hZ2VudHMuaHRtbNIBbWh0dHBzOi8vd3d3LmNuYmMuY29tL2FtcC8yMDI0LzA2LzA3L2FmdGVyLWNoYXRncHQtYW5kLXRoZS1yaXNlLW9mLWNoYXRib3RzLWludmVzdG9ycy1wb3VyLWludG8tYWktYWdlbnRzLmh0bWw?oc=5,"Fri, 07 Jun 2024 12:30:01 GMT",0.0,neutral
26,Ashton Kutcher Says Soon ‘You’ll Be Able to Render a Whole Movie’ Using AI: ‘The Bar Is Going to Have to Go Way Up’ in Hollywood - Variety,https://news.google.com/rss/articles/CBMiVmh0dHBzOi8vdmFyaWV0eS5jb20vMjAyNC9maWxtL25ld3MvYXNodG9uLWt1dGNoZXItYWktbW92aWVzLXNvcmEtaG9sbHl3b29kLTEyMzYwMjcxOTYv0gFaaHR0cHM6Ly92YXJpZXR5LmNvbS8yMDI0L2ZpbG0vbmV3cy9hc2h0b24ta3V0Y2hlci1haS1tb3ZpZXMtc29yYS1ob2xseXdvb2QtMTIzNjAyNzE5Ni9hbXAv?oc=5,"Thu, 06 Jun 2024 15:12:00 GMT",0.35,positive
27,Google's and Microsoft's AI Chatbots Refuse to Say Who Won the 2020 US Election - WIRED,https://news.google.com/rss/articles/CBMiVWh0dHBzOi8vd3d3LndpcmVkLmNvbS9zdG9yeS9nb29nbGUtYW5kLW1pY3Jvc29mdHMtY2hhdGJvdHMtcmVmdXNlLWVsZWN0aW9uLXF1ZXN0aW9ucy_SAQA?oc=5,"Fri, 07 Jun 2024 13:59:02 GMT",0.0,neutral
28,Forget Sora — Kling is a killer new AI video model that just dropped and I'm impressed - Tom's Guide,https://news.google.com/rss/articles/CBMif2h0dHBzOi8vd3d3LnRvbXNndWlkZS5jb20vYWkvYWktaW1hZ2UtdmlkZW8vZm9yZ2V0LXNvcmEta2xpbmctaXMtYS1raWxsZXItbmV3LWFpLXZpZGVvLW1vZGVsLXRoYXQtanVzdC1kcm9wcGVkLWFuZC1pbS1pbXByZXNzZWTSAQA?oc=5,"Fri, 07 Jun 2024 11:48:55 GMT",0.5681818181818181,positive
29,This AI-powered “black box” could make surgery safer - MIT Technology Review,https://news.google.com/rss/articles/CBMidWh0dHBzOi8vd3d3LnRlY2hub2xvZ3lyZXZpZXcuY29tLzIwMjQvMDYvMDcvMTA5MzMzOC9zdXJnaWNhbC1zYWZldHktdGVjaG5vbG9naWVzLWFpLWJsYWNrLWJveC1zdXJnZXJ5LW9wZXJhdGluZy1yb29tL9IBeWh0dHBzOi8vd3d3LnRlY2hub2xvZ3lyZXZpZXcuY29tLzIwMjQvMDYvMDcvMTA5MzMzOC9zdXJnaWNhbC1zYWZldHktdGVjaG5vbG9naWVzLWFpLWJsYWNrLWJveC1zdXJnZXJ5LW9wZXJhdGluZy1yb29tL2FtcC8?oc=5,"Fri, 07 Jun 2024 09:00:00 GMT",-0.16666666666666666,negative
30,Opinion | I Asked A.I. Where It Thought I Was From. Its Answer: Nowhere. - The New York Times,https://news.google.com/rss/articles/CBMiWWh0dHBzOi8vd3d3Lm55dGltZXMuY29tLzIwMjQvMDYvMDQvb3Bpbmlvbi9hcnRpZmljaWFsLWludGVsbGlnZW5jZS1vcmFsLXN0b3J5dGVsbGluZy5odG1s0gEA?oc=5,"Tue, 04 Jun 2024 09:00:03 GMT",0.13636363636363635,positive
31,"The AI Debate: Google's Guidelines, Meta's GDPR Dispute, Microsoft's Recall Backlash - The Hacker News",https://news.google.com/rss/articles/CBMiTWh0dHBzOi8vdGhlaGFja2VybmV3cy5jb20vMjAyNC8wNi90aGUtYWktZGViYXRlLWdvb2dsZXMtZ3VpZGVsaW5lcy1tZXRhcy5odG1s0gEA?oc=5,"Fri, 07 Jun 2024 11:07:00 GMT",0.0,neutral
32,Exclusive | FTC Opens Antitrust Probe of Microsoft AI Deal - The Wall Street Journal,https://news.google.com/rss/articles/CBMiU2h0dHBzOi8vd3d3Lndzai5jb20vdGVjaC9haS9mdGMtb3BlbnMtYW50aXRydXN0LXByb2JlLW9mLW1pY3Jvc29mdC1haS1kZWFsLTI5YjUxNjlh0gEA?oc=5,"Thu, 06 Jun 2024 20:28:00 GMT",0.0,neutral
33,Meta's WhatsApp launches new AI tools for businesses - Reuters,https://news.google.com/rss/articles/CBMidGh0dHBzOi8vd3d3LnJldXRlcnMuY29tL3RlY2hub2xvZ3kvbWV0YXMtd2hhdHNhcHAtbGF1bmNoZXMtbmV3LWFpLXRvb2xzLWJ1c2luZXNzZXMtdGFyZ2V0LW1lc3NhZ2VzLWNoYXRzLTIwMjQtMDYtMDYv0gEA?oc=5,"Thu, 06 Jun 2024 20:36:00 GMT",0.13636363636363635,positive
34,Cisco Launches $1B Global AI Investment Fund - Cisco Newsroom,https://news.google.com/rss/articles/CBMiamh0dHBzOi8vbmV3c3Jvb20uY2lzY28uY29tL2Mvci9uZXdzcm9vbS9lbi91cy9hL3kyMDI0L20wNi9jaXNjby1sYXVuY2hlcy0xYi1nbG9iYWwtYWktaW52ZXN0bWVudC1mdW5kLmh0bWzSAQA?oc=5,"Tue, 04 Jun 2024 15:07:33 GMT",0.0,neutral
35,Zoom CEO wants AI digital clones to go to meetings for you - New York Post,https://news.google.com/rss/articles/CBMiXmh0dHBzOi8vbnlwb3N0LmNvbS8yMDI0LzA2LzA3L3RlY2gvem9vbS1jZW8td2FudHMtYWktZGlnaXRhbC1jbG9uZXMtdG8tZ28tdG8tbWVldGluZ3MtZm9yLXlvdS_SAQA?oc=5,"Fri, 07 Jun 2024 13:32:00 GMT",0.11212121212121212,positive
36,How AI can enable cross-border data sharing in a fragmenting world - Fortune,https://news.google.com/rss/articles/CBMiVGh0dHBzOi8vZm9ydHVuZS5jb20vMjAyNC8wNi8wNy9haS1hcnRpZmljaWFsLWludGVsbGlnZW5jZS1jcm9zcy1ib3JkZXItZGF0YS1zaGFyaW5nL9IBAA?oc=5,"Fri, 07 Jun 2024 09:30:00 GMT",0.0,neutral
37,"US sets stage for antitrust probes into Microsoft, OpenAI and Nvidia - Reuters",https://news.google.com/rss/articles/CBMieWh0dHBzOi8vd3d3LnJldXRlcnMuY29tL3RlY2hub2xvZ3kvdXMtcmVndWxhdG9ycy1vcGVuLWFudGl0cnVzdC1pbnF1aXJpZXMtbWljcm9zb2Z0LW9wZW5haS1udmlkaWEtbnl0LXJlcG9ydHMtMjAyNC0wNi0wNi_SAQA?oc=5,"Fri, 07 Jun 2024 05:53:00 GMT",0.0,neutral
38,How Apple Fell Behind in the AI Arms Race - The Wall Street Journal,https://news.google.com/rss/articles/CBMiRWh0dHBzOi8vd3d3Lndzai5jb20vdGVjaC9haS9hcHBsZS1haS1zaXJpLWRldmVsb3BtZW50LWJlaGluZC05ZWE2NWVlONIBAA?oc=5,"Thu, 06 Jun 2024 01:00:00 GMT",-0.4,negative
39,Is Super Micro Computer a Top Artificial Intelligence (AI) Stock to Buy Right Now? - The Motley Fool,https://news.google.com/rss/articles/CBMiXWh0dHBzOi8vd3d3LmZvb2wuY29tL2ludmVzdGluZy8yMDI0LzA2LzA3L2lzLXN1cGVyLW1pY3JvLWNvbXB1dGVyLWEtdG9wLWFydGlmaWNpYWwtaW50ZWxsaWdlL9IBAA?oc=5,"Fri, 07 Jun 2024 11:15:00 GMT",0.22380952380952382,positive
40,Apple's AI news at developer conference won't be the whole story - Axios,https://news.google.com/rss/articles/CBMiTGh0dHBzOi8vd3d3LmF4aW9zLmNvbS8yMDI0LzA2LzA3L2FwcGxlLWFpLXN0cmF0ZWd5LWRldmVsb3Blci1jb25mZXJlbmNlLTIwMjTSAQA?oc=5,"Fri, 07 Jun 2024 08:18:27 GMT",0.2,positive
41,Canadian Grand Prix to feature F1's first AI-designed trophy - ESPN,https://news.google.com/rss/articles/CBMiY2h0dHBzOi8vd3d3LmVzcG4uY29tL2YxL3N0b3J5L18vaWQvNDAyOTcxNzcvY2FuYWRpYW4tZ3JhbmQtcHJpeC1mZWF0dXJlLWYxLWZpcnN0LWFpLWRlc2lnbmVkLXRyb3BoedIBAA?oc=5,"Fri, 07 Jun 2024 09:10:00 GMT",0.375,positive
42,"At WWDC 2024, Apple’s AI moment for Siri is finally here - The Verge",https://news.google.com/rss/articles/CBMiQ2h0dHBzOi8vd3d3LnRoZXZlcmdlLmNvbS8yNDE3MzUzOC9hcHBsZS13d2RjLTIwMjQtYWktc2lyaS12ZXJnZWNhc3TSAQA?oc=5,"Fri, 07 Jun 2024 13:11:56 GMT",0.0,neutral
43,The AI election is here. Regulators can't decide whose problem it is. - The Washington Post,https://news.google.com/rss/articles/CBMiY2h0dHBzOi8vd3d3Lndhc2hpbmd0b25wb3N0LmNvbS90ZWNobm9sb2d5LzIwMjQvMDYvMDYvYWktZWxlY3Rpb24tMjAyNC11cy1taXNpbmZvcm1hdGlvbi1yZWd1bGF0aW9uL9IBAA?oc=5,"Thu, 06 Jun 2024 15:00:00 GMT",0.0,neutral
44,U.S. to open broad antitrust probe into AI giants: source - Axios,https://news.google.com/rss/articles/CBMiR2h0dHBzOi8vd3d3LmF4aW9zLmNvbS8yMDI0LzA2LzA2L3VzLXJlZ3VsYXRvcnMtaW52ZXN0aWdhdGUtYWktY29tcGFuaWVz0gEA?oc=5,"Thu, 06 Jun 2024 15:01:18 GMT",0.03125,positive
45,iOS 18 AI boost could be called 'Apple Intelligence' - AppleInsider,https://news.google.com/rss/articles/CBMiXWh0dHBzOi8vYXBwbGVpbnNpZGVyLmNvbS9hcnRpY2xlcy8yNC8wNi8wNy9pb3MtMTgtYWktYm9vc3QtY291bGQtYmUtY2FsbGVkLWFwcGxlLWludGVsbGlnZW5jZdIBYmh0dHBzOi8vYXBwbGVpbnNpZGVyLmNvbS9hcnRpY2xlcy8yNC8wNi8wNy9pb3MtMTgtYWktYm9vc3QtY291bGQtYmUtY2FsbGVkLWFwcGxlLWludGVsbGlnZW5jZS9hbXAv?oc=5,"Fri, 07 Jun 2024 12:46:35 GMT",0.0,neutral
46,Siri and Google Assistant look to generative AI for a new lease on life - TechCrunch,https://news.google.com/rss/articles/CBMiamh0dHBzOi8vdGVjaGNydW5jaC5jb20vMjAyNC8wNi8wNy9zaXJpLWFuZC1nb29nbGUtYXNzaXN0YW50LWxvb2stdG8tZ2VuZXJhdGl2ZS1haS1mb3ItYS1uZXctbGVhc2Utb24tbGlmZS_SAQA?oc=5,"Fri, 07 Jun 2024 12:28:00 GMT",0.13636363636363635,positive
47,AI in the classroom has some people worried. Teachers aren't. - Business Insider,https://news.google.com/rss/articles/CBMiYWh0dHBzOi8vd3d3LmJ1c2luZXNzaW5zaWRlci5jb20vYWktaW4tdGhlLWNsYXNzcm9vbS1oYXMtc29tZS1wZW9wbGUtd29ycmllZC10ZWFjaGVycy1hcmVudC0yMDI0LTbSAWVodHRwczovL3d3dy5idXNpbmVzc2luc2lkZXIuY29tL2FpLWluLXRoZS1jbGFzc3Jvb20taGFzLXNvbWUtcGVvcGxlLXdvcnJpZWQtdGVhY2hlcnMtYXJlbnQtMjAyNC02P2FtcA?oc=5,"Fri, 07 Jun 2024 09:23:00 GMT",0.0,neutral
48,AI-generated content: The dangers of overreliance - Search Engine Land,https://news.google.com/rss/articles/CBMiRWh0dHBzOi8vc2VhcmNoZW5naW5lbGFuZC5jb20vYWktZ2VuZXJhdGVkLWNvbnRlbnQtb3ZlcnJlbGlhbmNlLTQ0MzAxNtIBAA?oc=5,"Fri, 07 Jun 2024 13:00:00 GMT",0.0,neutral
49,AI Chip Production Giving TSMC Sales A Boost - Investor's Business Daily,https://news.google.com/rss/articles/CBMiaWh0dHBzOi8vd3d3LmludmVzdG9ycy5jb20vbmV3cy90ZWNobm9sb2d5L3RzbS1zdG9jay1haS1jaGlwLXByb2R1Y3Rpb24tYm9vc3RzLXRhaXdhbi1zZW1pY29uZHVjdG9yLXNhbGVzL9IBAA?oc=5,"Fri, 07 Jun 2024 14:01:00 GMT",0.0,neutral
50,"As AI booms, Microsoft’s deal with a startup comes under federal investigation - CNN",https://news.google.com/rss/articles/CBMiTmh0dHBzOi8vd3d3LmNubi5jb20vMjAyNC8wNi8wNi90ZWNoL2Z0Yy1taWNyb3NvZnRzLWFpLWludmVzdGlnYXRpb24vaW5kZXguaHRtbNIBR2h0dHBzOi8vYW1wLmNubi5jb20vY25uLzIwMjQvMDYvMDYvdGVjaC9mdGMtbWljcm9zb2Z0cy1haS1pbnZlc3RpZ2F0aW9u?oc=5,"Thu, 06 Jun 2024 18:24:00 GMT",0.0,neutral
51,7 Top AI Stocks to Buy in June for Long-Term Growth - InvestorPlace,https://news.google.com/rss/articles/CBMiVmh0dHBzOi8vaW52ZXN0b3JwbGFjZS5jb20vMjAyNC8wNi83LXRvcC1haS1zdG9ja3MtdG8tYnV5LWluLWp1bmUtZm9yLWxvbmctdGVybS1ncm93dGgv0gEA?oc=5,"Fri, 07 Jun 2024 11:12:34 GMT",0.5,positive
52,Better Artificial Intelligence (AI) Stock: Nvidia vs. AMD - The Motley Fool,https://news.google.com/rss/articles/CBMiXWh0dHBzOi8vd3d3LmZvb2wuY29tL2ludmVzdGluZy8yMDI0LzA2LzA3L2JldHRlci1hcnRpZmljaWFsLWludGVsbGlnZW5jZS1zdG9jay1udmlkaWEtdnMtYW1kL9IBAA?oc=5,"Fri, 07 Jun 2024 11:45:00 GMT",0.16666666666666666,positive
53,AI-driven crypto crime is only just beginning — Elliptic report - Cointelegraph,https://news.google.com/rss/articles/CBMiSmh0dHBzOi8vY29pbnRlbGVncmFwaC5jb20vbmV3cy9haS1kcml2ZW4tY3J5cHRvLWNyaW1lLTIwMjQtZWxsaXB0aWMtcmVwb3J00gEA?oc=5,"Fri, 07 Jun 2024 14:15:00 GMT",0.0,neutral
54,What I learned from the UN’s “AI for Good” summit - MIT Technology Review,https://news.google.com/rss/articles/CBMiY2h0dHBzOi8vd3d3LnRlY2hub2xvZ3lyZXZpZXcuY29tLzIwMjQvMDYvMDQvMTA5MzEyMy93aGF0LWktbGVhcm5lZC1mcm9tLXRoZS11bnMtYWktZm9yLWdvb2Qtc3VtbWl0L9IBZ2h0dHBzOi8vd3d3LnRlY2hub2xvZ3lyZXZpZXcuY29tLzIwMjQvMDYvMDQvMTA5MzEyMy93aGF0LWktbGVhcm5lZC1mcm9tLXRoZS11bnMtYWktZm9yLWdvb2Qtc3VtbWl0L2FtcC8?oc=5,"Tue, 04 Jun 2024 09:05:49 GMT",0.7,positive
55,"U.S. sets stage for antitrust offensive of AI giants Microsoft, Nvidia, OpenAI - The Washington Post",https://news.google.com/rss/articles/CBMiZGh0dHBzOi8vd3d3Lndhc2hpbmd0b25wb3N0LmNvbS90ZWNobm9sb2d5LzIwMjQvMDYvMDYvbnZpZGlhLW1pY3Jvc29mdC1vcGVuYWktYW50aXRydXN0LWRlYWwtZnRjLWRvai_SAQA?oc=5,"Thu, 06 Jun 2024 16:28:00 GMT",0.0,neutral
56,"Apple's AI push will reportedly be called Apple Intelligence, of course - Engadget",https://news.google.com/rss/articles/CBMibWh0dHBzOi8vd3d3LmVuZ2FkZ2V0LmNvbS9hcHBsZXMtYWktcHVzaC13aWxsLXJlcG9ydGVkbHktYmUtY2FsbGVkLWFwcGxlLWludGVsbGlnZW5jZS1vZi1jb3Vyc2UtMTM0ODQwMDUwLmh0bWzSAQA?oc=5,"Fri, 07 Jun 2024 13:48:41 GMT",0.0,neutral
57,"Germany's Merck Bets on AI Drug-Design Partnerships, Rules Out Acquisitions – Interview - The Wall Street Journal",https://news.google.com/rss/articles/CBMifWh0dHBzOi8vd3d3Lndzai5jb20vdGVjaC9iaW90ZWNoL2dlcm1hbnlzLW1lcmNrLWJldHMtb24tYWktZHJ1Zy1kZXNpZ24tcGFydG5lcnNoaXBzLXJ1bGVzLW91dC1hY3F1aXNpdGlvbnMtaW50ZXJ2aWV3LTk0M2M1Yjdh0gEA?oc=5,"Fri, 07 Jun 2024 12:12:00 GMT",0.0,neutral
58,Microsoft explains how its DLSS competitor uses AI to improve any game - The Verge,https://news.google.com/rss/articles/CBMiYWh0dHBzOi8vd3d3LnRoZXZlcmdlLmNvbS8yMDI0LzYvNy8yNDE3MzQ3NC9taWNyb3NvZnQtd2luZG93cy1hdXRvLXN1cGVyLXJlc29sdXRpb24tc3ItZGxzcy1nYW1pbmfSAQA?oc=5,"Fri, 07 Jun 2024 10:05:10 GMT",-0.4,negative
59,AI Startup Perplexity Drops Fake Movie Trailer as First Ad - Adweek,https://news.google.com/rss/articles/CBMieGh0dHBzOi8vd3d3LmFkd2Vlay5jb20vYnJhbmQtbWFya2V0aW5nL2FpLXN0YXJ0dXAtcGVycGxleGl0eS1kcm9wcy1ob2xseXdvb2QtY2FsaWJlci1mYWtlLW1vdmllLXRyYWlsZXItYXMtaXRzLWZpcnN0LWFkL9IBAA?oc=5,"Fri, 07 Jun 2024 01:00:00 GMT",-0.125,negative
60,Washington is waking up to AI’s risks about three years too late - CNN,https://news.google.com/rss/articles/CBMiRWh0dHBzOi8vd3d3LmNubi5jb20vMjAyNC8wNi8wNy90ZWNoL2FpLXJlZ3VsYXRpb24tbmlnaHRjYXAvaW5kZXguaHRtbNIBPmh0dHBzOi8vYW1wLmNubi5jb20vY25uLzIwMjQvMDYvMDcvdGVjaC9haS1yZWd1bGF0aW9uLW5pZ2h0Y2Fw?oc=5,"Fri, 07 Jun 2024 11:48:00 GMT",-0.3,negative
61,What is AI? Everything to know about artificial intelligence - ZDNet,https://news.google.com/rss/articles/CBMiaWh0dHBzOi8vd3d3LnpkbmV0LmNvbS9hcnRpY2xlL3doYXQtaXMtYWktaGVyZXMtZXZlcnl0aGluZy15b3UtbmVlZC10by1rbm93LWFib3V0LWFydGlmaWNpYWwtaW50ZWxsaWdlbmNlL9IBAA?oc=5,"Wed, 05 Jun 2024 18:29:00 GMT",-0.6,negative
62,"The Rise and Fall of BNN Breaking, an AI-Generated News Outlet - The New York Times",https://news.google.com/rss/articles/CBMiUWh0dHBzOi8vd3d3Lm55dGltZXMuY29tLzIwMjQvMDYvMDYvdGVjaG5vbG9neS9ibm4tYnJlYWtpbmctYWktZ2VuZXJhdGVkLW5ld3MuaHRtbNIBAA?oc=5,"Thu, 06 Jun 2024 15:52:09 GMT",0.13636363636363635,positive
63,How AI is changing elections around the world - NBC News,https://news.google.com/rss/articles/CBMiT2h0dHBzOi8vd3d3Lm5iY25ld3MuY29tL25ld3Mvd29ybGQvaW5kaWEtYWktY2hhbmdpbmctZWxlY3Rpb25zLXdvcmxkLXJjbmExNTQ4MzjSAStodHRwczovL3d3dy5uYmNuZXdzLmNvbS9uZXdzL2FtcC9yY25hMTU0ODM4?oc=5,"Wed, 05 Jun 2024 21:00:40 GMT",0.0,neutral
64,"Adobe terms clarified: Will never own your work, or use it to train AI - 9to5Mac",https://news.google.com/rss/articles/CBMiNWh0dHBzOi8vOXRvNW1hYy5jb20vMjAyNC8wNi8wNy9hZG9iZS10ZXJtcy1jbGFyaWZpZWQv0gEA?oc=5,"Fri, 07 Jun 2024 11:05:00 GMT",-0.3,negative
65,"China's Text-To-Video AI Tool, Dubbed Sora Killer, Blows Everyone's Mind - NDTV",https://news.google.com/rss/articles/CBMifWh0dHBzOi8vd3d3Lm5kdHYuY29tL2ZlYXR1cmUva3VhaXNob3Uta2xpbmctc29yYS1jaGluYXMtdGV4dC10by12aWRlby1haS10b29sLWR1YmJlZC1zb3JhLWtpbGxlci1ibG93cy1ldmVyeW9uZXMtbWluZC01ODQwMjM30gGDAWh0dHBzOi8vd3d3Lm5kdHYuY29tL2ZlYXR1cmUva3VhaXNob3Uta2xpbmctc29yYS1jaGluYXMtdGV4dC10by12aWRlby1haS10b29sLWR1YmJlZC1zb3JhLWtpbGxlci1ibG93cy1ldmVyeW9uZXMtbWluZC01ODQwMjM3L2FtcC8x?oc=5,"Fri, 07 Jun 2024 13:58:26 GMT",0.0,neutral
66,"Generative AI in the U.K.: 36 Percent Have Used It, but Deloitte Highlights Need to Improve “Fluency” - Hollywood Reporter",https://news.google.com/rss/articles/CBMiZmh0dHBzOi8vd3d3LmhvbGx5d29vZHJlcG9ydGVyLmNvbS9idXNpbmVzcy9idXNpbmVzcy1uZXdzL2dlbmVyYXRpdmUtYWktZmx1ZW5jeS11ay1kZWxvaXR0ZS0xMjM1OTE2MzgxL9IBamh0dHBzOi8vd3d3LmhvbGx5d29vZHJlcG9ydGVyLmNvbS9idXNpbmVzcy9idXNpbmVzcy1uZXdzL2dlbmVyYXRpdmUtYWktZmx1ZW5jeS11ay1kZWxvaXR0ZS0xMjM1OTE2MzgxL2FtcC8?oc=5,"Fri, 07 Jun 2024 07:53:08 GMT",0.0,neutral
67,Humane warns AI Pin owners to “immediately” stop using its charging case - The Verge,https://news.google.com/rss/articles/CBMiU2h0dHBzOi8vd3d3LnRoZXZlcmdlLmNvbS8yMDI0LzYvNS8yNDE3MjM3Ny9odW1hbmUtYWktcGluLWJhdHRlcnktY2FzZS1pc3N1ZS13YXJuaW5n0gEA?oc=5,"Wed, 05 Jun 2024 20:49:02 GMT",0.0,neutral
68,Kartoon Studios Strikes First Deal With AI Dubbing Platform - Deadline,https://news.google.com/rss/articles/CBMiTWh0dHBzOi8vZGVhZGxpbmUuY29tLzIwMjQvMDYva2FydG9vbi1zdHVkaW9zLWRlZXBkdWItZHViYmluZy1kZWFsLTEyMzU5NjE3MzYv0gFRaHR0cHM6Ly9kZWFkbGluZS5jb20vMjAyNC8wNi9rYXJ0b29uLXN0dWRpb3MtZGVlcGR1Yi1kdWJiaW5nLWRlYWwtMTIzNTk2MTczNi9hbXAv?oc=5,"Fri, 07 Jun 2024 14:00:00 GMT",0.25,positive
69,Opinion: The risks of AI could be catastrophic. We should empower company workers to warn us - CNN,https://news.google.com/rss/articles/CBMiYGh0dHBzOi8vd3d3LmNubi5jb20vMjAyNC8wNi8wNi9vcGluaW9ucy9hcnRpZmljaWFsLWludGVsbGlnZW5jZS1yaXNrcy1jaGF0LWdwdC1sZXNzaWcvaW5kZXguaHRtbNIBWWh0dHBzOi8vYW1wLmNubi5jb20vY25uLzIwMjQvMDYvMDYvb3BpbmlvbnMvYXJ0aWZpY2lhbC1pbnRlbGxpZ2VuY2Utcmlza3MtY2hhdC1ncHQtbGVzc2ln?oc=5,"Thu, 06 Jun 2024 23:27:00 GMT",0.0,neutral
70,Meta may have to hit the breaks on its big AI training plans - Business Insider,https://news.google.com/rss/articles/CBMiaGh0dHBzOi8vd3d3LmJ1c2luZXNzaW5zaWRlci5jb20vbWV0YS1wcml2YWN5LXBvbGljeS1jaGFuZ2UtY29uY2VybnMtc2NyYXBlLWZhY2Vib29rLWRhdGEtdHJhaW4tYWktMjAyNC020gFsaHR0cHM6Ly93d3cuYnVzaW5lc3NpbnNpZGVyLmNvbS9tZXRhLXByaXZhY3ktcG9saWN5LWNoYW5nZS1jb25jZXJucy1zY3JhcGUtZmFjZWJvb2stZGF0YS10cmFpbi1haS0yMDI0LTY_YW1w?oc=5,"Fri, 07 Jun 2024 10:11:00 GMT",0.0,neutral
71,5 Ways To Make Money From Home Using AI In 2024 - Forbes,https://news.google.com/rss/articles/CBMiZGh0dHBzOi8vd3d3LmZvcmJlcy5jb20vc2l0ZXMvcmFjaGVsd2VsbHMvMjAyNC8wNi8wNC81LXdheXMtdG8tbWFrZS1tb25leS1mcm9tLWhvbWUtdXNpbmctYWktaW4tMjAyNC_SAQA?oc=5,"Tue, 04 Jun 2024 16:00:24 GMT",0.0,neutral
72,New: 'Apple Intelligence' AI Service for iOS 18 Will Have These Features - MacRumors,https://news.google.com/rss/articles/CBMiRWh0dHBzOi8vd3d3Lm1hY3J1bW9ycy5jb20vMjAyNC8wNi8wNy9hcHBsZS1pbnRlbGxpZ2VuY2Utc2VydmljZS13d2RjL9IBAA?oc=5,"Fri, 07 Jun 2024 11:13:06 GMT",0.13636363636363635,positive
73,Under the Radar: 3 AI Sleeper Stocks to Own Now - InvestorPlace,https://news.google.com/rss/articles/CBMiUWh0dHBzOi8vaW52ZXN0b3JwbGFjZS5jb20vMjAyNC8wNi91bmRlci10aGUtcmFkYXItMy1haS1zbGVlcGVyLXN0b2Nrcy10by1vd24tbm93L9IBAA?oc=5,"Fri, 07 Jun 2024 10:11:09 GMT",0.55,positive
74,More than a quarter of election information shared by AI factually incorrect: study - MSNBC,https://news.google.com/rss/articles/CBMihwFodHRwczovL3d3dy5tc25iYy5jb20vbW9ybmluZy1qb2Uvd2F0Y2gvbW9yZS10aGFuLWEtcXVhcnRlci1vZi1lbGVjdGlvbi1pbmZvcm1hdGlvbi1zaGFyZWQtYnktYWktZmFjdHVhbGx5LWluY29ycmVjdC1zdHVkeS0yMTI0ODk3OTc3NjPSATZodHRwczovL3d3dy5tc25iYy5jb20vbXNuYmMvYW1wLXZpZGVvL21tdm8yMTI0ODk3OTc3NjM?oc=5,"Fri, 07 Jun 2024 13:33:01 GMT",0.5,positive
75,"Buy stocks where AI is core to investment thesis, Morgan Stanley says - CNBC",https://news.google.com/rss/articles/CBMiaWh0dHBzOi8vd3d3LmNuYmMuY29tLzIwMjQvMDYvMDcvYnV5LXN0b2Nrcy13aGVyZS1haS1pcy1jb3JlLXRvLWludmVzdG1lbnQtdGhlc2lzLW1vcmdhbi1zdGFubGV5LXNheXMuaHRtbNIBAA?oc=5,"Fri, 07 Jun 2024 14:10:20 GMT",0.0,neutral
76,Cisco Live 2024: Cisco Announces New AI-powered Innovations and Investments - Cisco Newsroom,https://news.google.com/rss/articles/CBMixQFodHRwczovL25ld3Nyb29tLmNpc2NvLmNvbS9jL3IvbmV3c3Jvb20vZW4vdXMvYS95MjAyNC9tMDYvY2lzY28tbGl2ZS0yMDI0LWNpc2NvLWFubm91bmNlcy1uZXctYWktcG93ZXJlZC1pbm5vdmF0aW9ucy1hbmQtaW52ZXN0bWVudHMtdG8taGVscC1jdXN0b21lcnMtdW5sb2NrLWEtbW9yZS1jb25uZWN0ZWQtYW5kLXNlY3VyZS1mdXR1cmUuaHRtbNIBAA?oc=5,"Tue, 04 Jun 2024 15:08:06 GMT",0.13636363636363635,positive
77,Google's AI Overviews misunderstand why people use Google - Ars Technica,https://news.google.com/rss/articles/CBMiXGh0dHBzOi8vYXJzdGVjaG5pY2EuY29tL2FpLzIwMjQvMDYvZ29vZ2xlcy1haS1vdmVydmlld3MtbWlzdW5kZXJzdGFuZC13aHktcGVvcGxlLXVzZS1nb29nbGUv0gEA?oc=5,"Tue, 04 Jun 2024 17:31:39 GMT",0.0,neutral
78,"Humane, the startup behind the AI Pin, in talks with HP, telecoms to sell - CNBC",https://news.google.com/rss/articles/CBMia2h0dHBzOi8vd3d3LmNuYmMuY29tLzIwMjQvMDYvMDYvaHVtYW5lLXRoZS1zdGFydHVwLWJlaGluZC10aGUtYWktcGluLWluLXRhbGtzLXdpdGgtaHAtdGVsZWNvbXMtdG8tc2VsbC5odG1s0gEA?oc=5,"Thu, 06 Jun 2024 15:19:21 GMT",-0.4,negative
79,No AI skills on your resume? Expect lower salaries and fewer roles in the future - The Hill,https://news.google.com/rss/articles/CBMidWh0dHBzOi8vdGhlaGlsbC5jb20vbG9iYnlpbmcvNDcwODQ5MS1uby1haS1za2lsbHMtb24teW91ci1yZXN1bWUtZXhwZWN0LWxvd2VyLXNhbGFyaWVzLWFuZC1mZXdlci1yb2xlcy1pbi10aGUtZnV0dXJlL9IBeWh0dHBzOi8vdGhlaGlsbC5jb20vbG9iYnlpbmcvNDcwODQ5MS1uby1haS1za2lsbHMtb24teW91ci1yZXN1bWUtZXhwZWN0LWxvd2VyLXNhbGFyaWVzLWFuZC1mZXdlci1yb2xlcy1pbi10aGUtZnV0dXJlL2FtcC8?oc=5,"Fri, 07 Jun 2024 13:00:00 GMT",0.0,neutral
80,Report: Apple to launch iOS 18 AI features marketed as 'Apple Intelligence' - 9to5Mac,https://news.google.com/rss/articles/CBMiaGh0dHBzOi8vOXRvNW1hYy5jb20vMjAyNC8wNi8wNy9yZXBvcnQtYXBwbGUtdG8tbGF1bmNoLWlvcy0xOC1haS1mZWF0dXJlcy1tYXJrZXRlZC1hcy1hcHBsZS1pbnRlbGxpZ2VuY2Uv0gEA?oc=5,"Fri, 07 Jun 2024 11:22:00 GMT",0.0,neutral
81,AI shift is still in 'very early stages': Goldman Sachs exec. - Yahoo Finance,https://news.google.com/rss/articles/CBMiSGh0dHBzOi8vZmluYW5jZS55YWhvby5jb20vdmlkZW8vYWktc2hpZnQtc3RpbGwtdmVyeS1lYXJseS0xNjA2NTY4NzguaHRtbNIBAA?oc=5,"Fri, 07 Jun 2024 16:06:56 GMT",0.13,positive
82,"Microsoft Lays Off 1500 Workers, Blames ""AI Wave"" - Futurism",https://news.google.com/rss/articles/CBMiP2h0dHBzOi8vZnV0dXJpc20uY29tL3RoZS1ieXRlL21pY3Jvc29mdC1sYXlvZmZzLWJsYW1pbmctYWktd2F2ZdIBAA?oc=5,"Fri, 07 Jun 2024 13:07:09 GMT",0.0,neutral
83,Meta Stock: Zuckerberg Details New AI Tools For Businesses - Investor's Business Daily,https://news.google.com/rss/articles/CBMiamh0dHBzOi8vd3d3LmludmVzdG9ycy5jb20vbmV3cy90ZWNobm9sb2d5L2liZC1zdG9jay1vZi10aGUtZGF5LW1ldGEtcm9sbHMtb3V0LW5ldy1haS10b29scy1mb3ItYnVzaW5lc3Nlcy_SAQA?oc=5,"Fri, 07 Jun 2024 16:04:00 GMT",0.06818181818181818,positive
84,Nvidia’s CEO is given the rockstar treatment in AI-powerhouse Taiwan - CNN,https://news.google.com/rss/articles/CBMiW2h0dHBzOi8vd3d3LmNubi5jb20vMjAyNC8wNi8wNy90ZWNoL252aWRpYS1qZW5zb24taHVhbmctdGFpd2FuLWNvbXB1dGV4LWhuay1pbnRsL2luZGV4Lmh0bWzSAVRodHRwczovL2FtcC5jbm4uY29tL2Nubi8yMDI0LzA2LzA3L3RlY2gvbnZpZGlhLWplbnNvbi1odWFuZy10YWl3YW4tY29tcHV0ZXgtaG5rLWludGw?oc=5,"Fri, 07 Jun 2024 11:08:00 GMT",0.0,neutral
85,"Move over, Nvidia: Fund manager likes 'overlooked' chipmaker with billions in AI chip sales - CNBC",https://news.google.com/rss/articles/CBMid2h0dHBzOi8vd3d3LmNuYmMuY29tLzIwMjQvMDYvMDcvbnZpZGlhLWFsdGVybmF0aXZlLWZ1bmQtbWFuYWdlci1saWtlcy1vdmVybG9va2VkLWNoaXBtYWtlci13aXRoLW1lZ2EtYWktY2hpcC1zYWxlcy5odG1s0gEA?oc=5,"Thu, 06 Jun 2024 23:20:37 GMT",0.0,neutral
86,Nvidia's AI Chip Has A Tough Competitor From China - Huawei's Latest Ascend 910B - Yahoo Finance,https://news.google.com/rss/articles/CBMiTmh0dHBzOi8vZmluYW5jZS55YWhvby5jb20vbmV3cy9udmlkaWFzLWFpLWNoaXAtdG91Z2gtY29tcGV0aXRvci0xMzU2NDc4NTUuaHRtbNIBAA?oc=5,"Fri, 07 Jun 2024 13:56:47 GMT",0.05555555555555555,positive
87,Meta Is Bringing Chatbots to WhatsApp in Test of AI Strategy - The Wall Street Journal,https://news.google.com/rss/articles/CBMiYWh0dHBzOi8vd3d3Lndzai5jb20vdGVjaC9haS9tZXRhLWlzLWJyaW5naW5nLWNoYXRib3RzLXRvLXdoYXRzYXBwLWluLXRlc3Qtb2YtYWktc3RyYXRlZ3ktODMwYTEzMDPSAQA?oc=5,"Thu, 06 Jun 2024 17:30:00 GMT",0.0,neutral
88,Chinese provinces use AI in move to stop cheating in university entrance exams - South China Morning Post,https://news.google.com/rss/articles/CBMiggFodHRwczovL3d3dy5zY21wLmNvbS9uZXdzL2NoaW5hL3BvbGl0aWNzL2FydGljbGUvMzI2NTc2NC9jaGluZXNlLXByb3ZpbmNlcy1icmluZy1haS1zdG9wLWNoZWF0aW5nLWdhb2thby11bml2ZXJzaXR5LWVudHJhbmNlLWV4YW1z0gGCAWh0dHBzOi8vYW1wLnNjbXAuY29tL25ld3MvY2hpbmEvcG9saXRpY3MvYXJ0aWNsZS8zMjY1NzY0L2NoaW5lc2UtcHJvdmluY2VzLWJyaW5nLWFpLXN0b3AtY2hlYXRpbmctZ2Fva2FvLXVuaXZlcnNpdHktZW50cmFuY2UtZXhhbXM?oc=5,"Fri, 07 Jun 2024 09:30:37 GMT",0.0,neutral
89,Guterres warns humanity on 'knife's edge' as AI raises nuclear war threat - The Guardian,https://news.google.com/rss/articles/CBMiYGh0dHBzOi8vd3d3LnRoZWd1YXJkaWFuLmNvbS93b3JsZC9hcnRpY2xlLzIwMjQvanVuLzA3L2FpLW51Y2xlYXItd2FyLXRocmVhdC11bi1zZWNyZXRhcnktZ2VuZXJhbNIBAA?oc=5,"Fri, 07 Jun 2024 14:00:00 GMT",0.0,neutral
90,"With New AI Processors, Will Intel Stock Return To Pre-Inflation Shock Highs Of $68? - Forbes",https://news.google.com/rss/articles/CBMijAFodHRwczovL3d3dy5mb3JiZXMuY29tL3NpdGVzL2dyZWF0c3BlY3VsYXRpb25zLzIwMjQvMDYvMDcvd2l0aC1uZXctYWktcHJvY2Vzc29ycy13aWxsLWludGVsLXN0b2NrLXJldHVybi10by1wcmUtaW5mbGF0aW9uLXNob2NrLWhpZ2hzLW9mLTY4L9IBAA?oc=5,"Fri, 07 Jun 2024 12:00:31 GMT",0.13636363636363635,positive
91,"What is Cara, the anti-AI social media app for artists? - Mashable",https://news.google.com/rss/articles/CBMiPWh0dHBzOi8vbWFzaGFibGUuY29tL2FydGljbGUvY2FyYS1haS1zb2NpYWwtbWVkaWEtYXBwLWFydGlzdHPSAQA?oc=5,"Fri, 07 Jun 2024 09:00:00 GMT",0.03333333333333333,positive
92,Missed Out on Nvidia Stock? Buy This Spectacular Artificial Intelligence (AI) Stock Instead - The Motley Fool,https://news.google.com/rss/articles/CBMiXWh0dHBzOi8vd3d3LmZvb2wuY29tL2ludmVzdGluZy8yMDI0LzA2LzA3L21pc3NlZC1vdXQtb24tbnZpZGlhLXN0b2NrLWJ1eS10aGlzLXNwZWN0YWN1bGFyLWFyL9IBAA?oc=5,"Fri, 07 Jun 2024 08:02:00 GMT",0.19999999999999998,positive
93,"No, Drake's Cover of 'Hey There Delilah' Isn't AI - WIRED",https://news.google.com/rss/articles/CBMiRWh0dHBzOi8vd3d3LndpcmVkLmNvbS9zdG9yeS9kcmFrZS1wbGFpbi13aGl0ZS10cy1haS13YWgtZ3dhbi1kZWxpbGFoL9IBAA?oc=5,"Fri, 07 Jun 2024 11:00:00 GMT",0.0,neutral
94,"New AI Tools, Meta Verified and More for Businesses on WhatsApp - Meta Store",https://news.google.com/rss/articles/CBMiYWh0dHBzOi8vYWJvdXQuZmIuY29tL25ld3MvMjAyNC8wNi9uZXctYWktdG9vbHMtbWV0YS12ZXJpZmllZC1hbmQtbW9yZS1mb3ItYnVzaW5lc3Nlcy1vbi13aGF0c2FwcC_SAWVodHRwczovL2Fib3V0LmZiLmNvbS9uZXdzLzIwMjQvMDYvbmV3LWFpLXRvb2xzLW1ldGEtdmVyaWZpZWQtYW5kLW1vcmUtZm9yLWJ1c2luZXNzZXMtb24td2hhdHNhcHAvYW1wLw?oc=5,"Thu, 06 Jun 2024 17:47:45 GMT",0.3181818181818182,positive
95,Are the Drake Vocals on ‘Wah Gwan Delilah’ an AI Deepfake? - Billboard,https://news.google.com/rss/articles/CBMiaGh0dHBzOi8vd3d3LmJpbGxib2FyZC5jb20vbXVzaWMvcmItaGlwLWhvcC9kcmFrZS13YWgtZ3dhbi1kZWxpbGFoLXZvY2Fscy1yZWFsLW9yLWFpLWRlZXBmYWtlLTEyMzU3MDMwODkv0gFsaHR0cHM6Ly93d3cuYmlsbGJvYXJkLmNvbS9tdXNpYy9yYi1oaXAtaG9wL2RyYWtlLXdhaC1nd2FuLWRlbGlsYWgtdm9jYWxzLXJlYWwtb3ItYWktZGVlcGZha2UtMTIzNTcwMzA4OS9hbXAv?oc=5,"Fri, 07 Jun 2024 00:55:28 GMT",0.0,neutral
96,Could AI put an end to animal testing? - BBC.com,https://news.google.com/rss/articles/CBMiLmh0dHBzOi8vd3d3LmJiYy5jb20vbmV3cy9hcnRpY2xlcy9jZDExMGw2MXIzZ2_SATJodHRwczovL3d3dy5iYmMuY29tL25ld3MvYXJ0aWNsZXMvY2QxMTBsNjFyM2dvLmFtcA?oc=5,"Wed, 05 Jun 2024 23:06:03 GMT",0.0,neutral
97,Missed Out on Nvidia Stock? Buy This Spectacular Artificial Intelligence (AI) Stock Instead - Yahoo Finance,https://news.google.com/rss/articles/CBMiUWh0dHBzOi8vZmluYW5jZS55YWhvby5jb20vbmV3cy9taXNzZWQtbnZpZGlhLXN0b2NrLWJ1eS1zcGVjdGFjdWxhci0wODAyMDA4MTEuaHRtbNIBAA?oc=5,"Fri, 07 Jun 2024 08:09:53 GMT",0.0,neutral
98,Tomato.ai launches zero-shot accent softening model to revolutionize call center industry - VentureBeat,https://news.google.com/rss/articles/CBMidWh0dHBzOi8vdmVudHVyZWJlYXQuY29tL2FpL3RvbWF0by1haS1sYXVuY2hlcy16ZXJvLXNob3QtYWNjZW50LXNvZnRlbmluZy1tb2RlbC10by1yZXZvbHV0aW9uaXplLWNhbGwtY2VudGVyLWluZHVzdHJ5L9IBAA?oc=5,"Fri, 07 Jun 2024 13:00:00 GMT",-0.1,negative
99,Google makes its note-taking AI NotebookLM more useful - The Verge,https://news.google.com/rss/articles/CBMiUmh0dHBzOi8vd3d3LnRoZXZlcmdlLmNvbS8yMDI0LzYvNi8yNDE3MjQyMi9nb29nbGUtbm90ZWJvb2tsbS1haS1nZW1pbmktcHJvLWNoYXRib3TSAQA?oc=5,"Thu, 06 Jun 2024 11:00:00 GMT",0.4,positive
